id2,firstName,lastName,email,gender,contactNo,country,dob
1,Inesita,Youens,iyouens0@blinklist.com,Female,336-873-5481,United States,03/10/1961
2,Lucie,Mackney,lmackney1@slideshare.net,Female,423-837-4068,Japan,08/12/1975
3,Carce,Bottini,cbottini2@freewebs.com,Male,540-832-8431,Czech Republic,08/04/1994
4,Sayer,Pietsma,spietsma3@google.com.hk,Male,157-606-7717,Indonesia,01/14/1985
5,Alard,Benardette,abenardette4@amazon.co.uk,Male,697-474-8529,Albania,01/31/1968
6,Wenona,OBruen,wobruen5@sphinn.com,Female,332-792-9361,South Africa,06/25/1985
7,Mae,Witherington,mwitherington6@businessinsider.com,Female,541-924-1799,China,06/08/2001
8,Kendre,Jereatt,kjereatt7@baidu.com,Female,122-122-7687,Tanzania,02/25/1998
9,Haskell,Van der Daal,hvanderdaal8@ezinearticles.com,Male,245-463-9440,China,11/29/1989
10,George,Dorian,gdorian9@blogger.com,Male,942-461-7243,Portugal,01/02/2001
11,Gibb,Layman,glaymana@redcross.org,Male,218-354-7102,Brazil,11/16/1965
12,Perice,Sevitt,psevittb@zimbio.com,Male,163-757-0877,Indonesia,09/16/1966
13,Bonnee,Hynes,bhynesc@businessweek.com,Female,182-941-1101,Australia,12/02/1992
14,Kerrin,Gulvin,kgulvind@sfgate.com,Female,782-729-0360,China,04/23/1962
15,Vanda,Desson,vdessone@shutterfly.com,Female,989-320-2581,Macedonia,01/21/1981
16,Isidor,Van Dale,ivandalef@biblegateway.com,Male,284-230-5924,Myanmar,03/02/1983
17,Teressa,Perrinchief,tperrinchiefg@cbsnews.com,Female,446-488-1050,Kiribati,10/06/2004
18,Minetta,Feirn,mfeirnh@abc.net.au,Genderfluid,429-591-3089,Thailand,08/09/1989
19,Linnell,Blumer,lblumeri@symantec.com,Female,353-735-3647,Indonesia,06/09/1984
20,Beatrice,Enterle,benterlej@plala.or.jp,Female,843-383-6655,Philippines,02/13/1975
21,Delainey,Puleque,dpulequek@twitpic.com,Male,425-189-3607,Brazil,03/31/1975
22,Pincus,Bushell,pbushelll@qq.com,Male,676-877-8733,Indonesia,02/26/1967
23,Tabbitha,Inggall,tinggallm@xrea.com,Female,459-510-7520,China,12/22/1968
24,Valentia,Watkiss,vwatkissn@ox.ac.uk,Female,575-587-9818,South Korea,08/20/1982
25,Niki,Yakuntsov,nyakuntsovo@tiny.cc,Female,394-424-7230,Ukraine,10/02/1986
26,Camala,Sadler,csadlerp@tripadvisor.com,Female,178-884-7388,Russia,03/16/1987
27,Edwin,Kener,ekenerq@xinhuanet.com,Male,756-619-7869,South Africa,10/02/2003
28,Emelda,Scarlan,escarlanr@artisteer.com,Female,302-845-5948,Russia,12/01/1995
29,Lynnett,Sugge,lsugges@discovery.com,Female,940-231-8569,China,07/31/2004
30,Murray,Pawden,mpawdent@china.com.cn,Male,324-646-9744,China,01/22/1985
31,Gregor,Dillon,gdillonu@icio.us,Male,703-473-3121,Portugal,08/11/1978
32,Annora,Goymer,agoymerv@skype.com,Female,419-745-7737,Philippines,06/07/1967
33,Celestyna,Scathard,cscathardw@cbslocal.com,Genderfluid,447-631-6041,Dominican Republic,11/21/1975
34,Lazar,Andrzej,landrzejx@stanford.edu,Male,500-874-8159,Peru,09/06/1982
35,Andrey,Deviney,adevineyy@virginia.edu,Male,344-254-9236,Armenia,03/06/1993
36,Vincenz,Vear,vvearz@home.pl,Male,688-635-0917,Ukraine,03/22/1965
37,Cchaddie,Sent,csent10@cpanel.net,Male,491-626-4024,Thailand,10/06/1980
38,Dewitt,Sauvan,dsauvan11@google.cn,Male,698-427-1579,Indonesia,05/10/2003
39,Francesco,Burger,fburger12@craigslist.org,Male,652-893-1741,Indonesia,11/09/1990
40,Fraser,Danielsohn,fdanielsohn13@bandcamp.com,Male,635-879-8339,Philippines,12/07/1963
41,Nisse,Mival,nmival14@mediafire.com,Female,526-198-9607,Mongolia,01/27/1998
42,Audie,Unthank,aunthank15@oracle.com,Female,352-181-4092,Cuba,09/24/1981
43,Erna,Motten,emotten16@photobucket.com,Female,470-390-0368,Denmark,02/06/1992
44,Gregorio,Jozaitis,gjozaitis17@psu.edu,Male,343-598-1331,Mauritius,01/17/1986
45,Jemie,Salthouse,jsalthouse18@hibu.com,Female,365-562-7708,Sweden,09/17/1991
46,Tiffy,Mintoft,tmintoft19@163.com,Female,226-755-0439,Hungary,06/10/1971
47,Fowler,Blackah,fblackah1a@ovh.net,Genderqueer,360-360-5403,Russia,03/29/1963
48,Ivett,Dyott,idyott1b@yahoo.co.jp,Female,757-595-6597,Bahrain,01/24/1996
49,Cortie,Petto,cpetto1c@house.gov,Male,986-705-4911,Mexico,03/22/1996
50,Kimberly,Cheater,kcheater1d@illinois.edu,Female,493-362-6754,Russia,01/17/1969
51,Yoshiko,Allport,yallport1e@usatoday.com,Female,184-893-9132,China,02/24/1993
52,Ash,McGeorge,amcgeorge1f@ebay.com,Male,831-234-1980,Brazil,03/06/1992
53,Sancho,Kuhn,skuhn1g@latimes.com,Polygender,266-308-1055,China,07/03/2004
54,Rosabelle,Tupp,rtupp1h@rediff.com,Female,312-518-1874,China,01/31/1998
55,Clarance,Cristofaro,ccristofaro1i@zdnet.com,Male,313-320-2849,Afghanistan,05/08/1970
56,Barthel,Morsey,bmorsey1j@flickr.com,Male,256-482-6606,Indonesia,11/22/1971
57,Rochester,Lipp,rlipp1k@europa.eu,Male,999-447-7446,China,08/25/1971
58,Arlyn,Markova,amarkova1l@sphinn.com,Female,849-232-7328,Colombia,08/11/1963
59,Fabien,Heineken,fheineken1m@friendfeed.com,Male,104-953-8517,Syria,06/24/1992
60,Beale,Dog,bdog1n@istockphoto.com,Male,651-283-7122,United States,07/07/1975
61,Filmer,Dene,fdene1o@photobucket.com,Male,484-381-0004,Philippines,04/15/1979
62,Ranice,Keast,rkeast1p@hud.gov,Genderqueer,493-661-0980,Brazil,06/21/1980
63,Donaugh,Haeslier,dhaeslier1q@printfriendly.com,Male,707-221-7580,Russia,09/06/1990
64,Euphemia,Dennett,edennett1r@cdbaby.com,Female,651-427-4640,Ukraine,12/18/1984
65,Aguie,Menelaws,amenelaws1s@google.pl,Male,749-382-7600,Poland,04/08/1966
66,Aveline,Faill,afaill1t@pcworld.com,Female,666-668-2590,Indonesia,09/23/1997
67,Enoch,Bosche,ebosche1u@123-reg.co.uk,Male,252-522-1321,Thailand,12/23/1977
68,Raddie,Hosby,rhosby1v@sciencedirect.com,Genderfluid,420-920-4973,China,08/26/1972
69,Valentine,Swayne,vswayne1w@com.com,Male,181-383-0123,Indonesia,04/06/1976
70,Morrie,Hollows,mhollows1x@seattletimes.com,Male,569-947-8236,China,11/04/1998
71,Wolfie,Afield,wafield1y@vkontakte.ru,Polygender,802-504-4537,Indonesia,04/02/1975
72,Earl,Wayper,ewayper1z@homestead.com,Male,272-647-7299,Madagascar,09/06/1978
73,Andromache,Stockow,astockow20@amazon.com,Female,722-151-2812,Sweden,12/16/1995
74,Brena,Clewes,bclewes21@chronoengine.com,Female,849-327-9356,China,10/04/2000
75,Wyn,Corneljes,wcorneljes22@com.com,Male,653-226-1226,Pakistan,10/02/1960
76,Cordi,Mohammad,cmohammad23@zdnet.com,Female,106-223-7938,China,03/12/1999
77,Vanni,Redd,vredd24@imageshack.us,Female,133-168-2155,Sweden,01/08/1963
78,Jessamine,Isworth,jisworth25@macromedia.com,Genderqueer,373-531-9410,Philippines,03/31/1971
79,Clerissa,Dybald,cdybald26@ucoz.com,Female,954-843-8217,Portugal,02/02/1966
80,Allyn,Wheelton,awheelton27@jimdo.com,Male,633-563-6679,Russia,10/10/1993
81,Wallache,Hatliffe,whatliffe28@cpanel.net,Male,761-912-9714,Russia,06/05/1991
82,Barbabas,Antosik,bantosik29@phpbb.com,Male,916-217-6664,Republic of the Congo,07/24/1978
83,Renado,Artus,rartus2a@craigslist.org,Male,117-261-5424,Czech Republic,07/02/1960
84,Valeria,Verrechia,vverrechia2b@unblog.fr,Female,710-418-5088,Russia,08/16/1979
85,Morris,Smails,msmails2c@wunderground.com,Male,280-299-6338,Indonesia,05/07/1992
86,Dulci,Cubley,dcubley2d@usatoday.com,Genderfluid,850-622-4819,Peru,09/07/1961
87,Roley,Hanratty,rhanratty2e@vk.com,Male,578-399-3525,Peru,09/24/1966
88,Willem,Ashmore,washmore2f@huffingtonpost.com,Male,693-875-0198,Brazil,03/24/1980
89,Guthrey,Dregan,gdregan2g@engadget.com,Male,139-611-2411,Nigeria,01/31/2003
90,Putnam,Lyes,plyes2h@amazon.de,Male,636-728-0991,Greece,07/30/1994
91,Shelia,Kynvin,skynvin2i@go.com,Female,726-328-7637,Poland,09/26/1998
92,Jory,Ruff,jruff2j@acquirethisname.com,Male,390-442-7611,Colombia,09/10/1970
93,Brade,Praton,bpraton2k@ed.gov,Male,941-520-7696,United States,05/09/1990
94,Carlyn,Pinnock,cpinnock2l@lulu.com,Female,570-291-0368,Belarus,09/04/1995
95,Lizzy,Towey,ltowey2m@topsy.com,Female,851-360-3828,France,01/16/1971
96,Tyrus,Cogan,tcogan2n@msn.com,Male,389-418-7742,Portugal,07/03/1980
97,Maggy,Worsalls,mworsalls2o@mail.ru,Female,684-959-5564,Russia,03/11/1970
98,Bern,Eldritt,beldritt2p@xing.com,Male,911-986-7768,Indonesia,12/30/1982
99,Kenny,Weagener,kweagener2q@creativecommons.org,Male,988-943-3921,China,01/18/1967
100,Denna,Inman,dinman2r@independent.co.uk,Female,294-861-3977,Denmark,07/01/1969
101,Aubert,Loosely,aloosely2s@yahoo.com,Male,561-602-5094,Peru,08/26/1962
102,Brantley,Emblin,bemblin2t@businessinsider.com,Male,756-962-3702,Mexico,01/22/1984
103,Joey,Ahlin,jahlin2u@google.com.br,Agender,188-963-7305,Morocco,07/06/1979
104,Goddart,McKinna,gmckinna2v@ucoz.ru,Male,563-692-4295,Tunisia,12/31/1971
105,Danita,Gouldstone,dgouldstone2w@guardian.co.uk,Female,520-382-3345,China,08/01/1970
106,Slade,Mackneis,smackneis2x@studiopress.com,Male,798-977-7458,China,04/29/1998
107,Yulma,Gleave,ygleave2y@yelp.com,Male,330-205-7249,Philippines,07/11/1979
108,Gianina,Greenshields,ggreenshields2z@netlog.com,Female,583-720-0985,Kosovo,03/10/1970
109,Gorden,Kunzel,gkunzel30@washingtonpost.com,Male,870-311-0928,Ireland,08/20/1995
110,Freddy,Kadar,fkadar31@washingtonpost.com,Male,975-282-9826,Honduras,12/14/1973
111,Garek,Dy,gdy32@chicagotribune.com,Male,953-540-1966,Russia,02/17/1998
112,Blayne,Pulfer,bpulfer33@chron.com,Male,721-991-6370,France,10/08/1988
113,Hilliard,Drewe,hdrewe34@statcounter.com,Male,297-559-5530,China,07/22/1985
114,Valli,Pipkin,vpipkin35@nifty.com,Female,408-704-7001,China,06/25/1977
115,Ruggiero,Le Grove,rlegrove36@theatlantic.com,Male,975-492-1123,Yemen,05/25/1982
116,Si,Delmage,sdelmage37@prweb.com,Male,203-516-9951,Portugal,03/04/1981
117,Rudolfo,Retallick,rretallick38@time.com,Male,676-319-1652,Indonesia,08/17/1968
118,Mariana,Jammet,mjammet39@seesaa.net,Female,391-131-0110,Russia,06/14/1978
119,Lissa,Edwardes,ledwardes3a@shareasale.com,Female,958-316-9152,Japan,07/07/1975
120,Aloysia,Threadgill,athreadgill3b@woothemes.com,Female,811-672-2307,China,02/23/1961
121,Montague,Chisnell,mchisnell3c@census.gov,Male,464-420-2365,Indonesia,08/17/1994
122,Arturo,Chastanet,achastanet3d@nih.gov,Male,505-139-5608,Indonesia,09/05/1961
123,Chrissie,Reeders,creeders3e@privacy.gov.au,Female,839-895-0837,Indonesia,01/17/1984
124,Xenos,Wichard,xwichard3f@yelp.com,Male,355-479-3579,Ivory Coast,07/22/1992
125,Langsdon,Bertomieu,lbertomieu3g@boston.com,Male,214-104-9602,United States,06/10/1989
126,Valentina,Hancorn,vhancorn3h@cdbaby.com,Female,861-565-5625,Poland,07/29/1998
127,Glen,Deevey,gdeevey3i@wikipedia.org,Female,189-388-4405,China,06/09/1986
128,Marlie,Gian,mgian3j@who.int,Female,749-756-5191,Indonesia,08/28/1965
129,Lesly,Getten,lgetten3k@fema.gov,Agender,454-170-3925,Indonesia,03/26/1968
130,Lambert,Gibby,lgibby3l@ucla.edu,Male,874-124-2786,Portugal,02/17/1970
131,Craig,Gilbard,cgilbard3m@mlb.com,Male,690-918-2296,Indonesia,01/14/1985
132,Amitie,Hair,ahair3n@wp.com,Female,569-334-4978,Philippines,11/07/1983
133,Mylo,Larret,mlarret3o@geocities.com,Male,862-565-7086,China,01/18/1971
134,Kathi,Pethick,kpethick3p@webnode.com,Female,309-904-7984,Sweden,01/28/1982
135,Torre,Godsafe,tgodsafe3q@csmonitor.com,Male,112-684-8105,Indonesia,05/29/1994
136,Samaria,McClymont,smcclymont3r@g.co,Female,531-939-8701,Portugal,07/09/1983
137,Margo,Scollick,mscollick3s@godaddy.com,Female,732-422-0504,United States,11/17/1964
138,Spense,Stapford,sstapford3t@bigcartel.com,Male,877-123-8270,Indonesia,05/20/1964
139,Shari,Fishleigh,sfishleigh3u@webmd.com,Female,615-766-8460,Argentina,11/06/1983
140,Tierney,Reeson,treeson3v@va.gov,Female,520-894-6488,Japan,06/10/1981
141,Jonathon,Dibbs,jdibbs3w@woothemes.com,Male,850-663-7200,Poland,01/11/1993
142,Enos,Bittany,ebittany3x@wisc.edu,Male,417-441-0081,China,03/30/1961
143,Dicky,Caesman,dcaesman3y@census.gov,Male,581-122-0763,South Africa,03/19/2003
144,Cherilynn,Huller,chuller3z@reddit.com,Female,617-435-6917,United States,01/27/1972
145,Robinet,Kliemke,rkliemke40@apache.org,Male,693-465-9671,Portugal,04/29/1969
146,Fionnula,Havik,fhavik41@zdnet.com,Female,288-346-9792,China,08/11/1996
147,Lovell,Giveen,lgiveen42@blogger.com,Male,294-528-8254,Nicaragua,03/09/1964
148,Niki,Pinnell,npinnell43@github.io,Male,592-286-2065,Russia,12/24/1991
149,Burke,Nother,bnother44@telegraph.co.uk,Male,589-266-4013,Russia,03/05/1967
150,Dorothea,Castaneda,dcastaneda45@51.la,Female,345-375-5330,Mexico,06/04/1982
151,Zak,Gianulli,zgianulli46@mtv.com,Male,630-492-3115,Sweden,06/09/1995
152,Jeddy,Moral,jmoral47@xing.com,Male,479-949-1197,China,03/25/1997
153,Cris,Selliman,cselliman48@pagesperso-orange.fr,Female,651-666-2768,Lithuania,01/14/1971
154,Elke,Telega,etelega49@posterous.com,Female,629-650-4932,Cambodia,01/15/1988
155,Sherye,LLelweln,sllelweln4a@amazon.co.jp,Agender,701-591-0807,Iran,09/14/1984
156,Taddeusz,Lackney,tlackney4b@rambler.ru,Male,133-701-0282,Poland,11/06/2004
157,Atlante,Presslee,apresslee4c@cam.ac.uk,Female,439-788-3724,Philippines,04/13/1967
158,Elroy,Dearth,edearth4d@who.int,Male,158-755-2945,Yemen,07/01/1999
159,Opalina,Bleyman,obleyman4e@posterous.com,Female,368-589-1308,Ireland,12/22/1978
160,Olenka,Traice,otraice4f@g.co,Female,979-713-9460,Benin,01/18/1990
161,Ernestine,Vardy,evardy4g@sogou.com,Polygender,606-506-9037,United States,12/28/1971
162,Jacklyn,Sloley,jsloley4h@cnn.com,Female,362-957-9579,Dominican Republic,02/25/1996
163,Bobbie,Chiddy,bchiddy4i@wix.com,Female,430-121-3599,Canada,04/01/2005
164,Gage,Marritt,gmarritt4j@ca.gov,Male,781-100-3319,Bangladesh,06/16/1971
165,Holli,Huggan,hhuggan4k@amazon.de,Female,289-671-2767,Brazil,02/04/1999
166,Winifred,Pask,wpask4l@canalblog.com,Female,599-417-1605,China,02/02/1991
167,Welch,Stanlick,wstanlick4m@chicagotribune.com,Male,852-172-5620,China,04/28/1980
168,Morganica,Scrigmour,mscrigmour4n@moonfruit.com,Female,571-538-3358,China,04/25/1985
169,Sid,Alvy,salvy4o@reverbnation.com,Male,717-577-0755,Greece,04/20/1974
170,Roda,Bacchus,rbacchus4p@reuters.com,Female,153-524-9147,China,09/17/1971
171,Audy,Scrymgeour,ascrymgeour4q@princeton.edu,Female,632-603-5991,Russia,12/20/1960
172,Gav,Dumbelton,gdumbelton4r@de.vu,Genderqueer,346-802-0908,Belarus,07/11/1993
173,Cathyleen,Fendlen,cfendlen4s@wiley.com,Female,243-483-4620,China,12/21/1986
174,Eliot,Miskimmon,emiskimmon4t@github.io,Male,375-761-3008,Sweden,05/29/1962
175,Sylvan,Rown,srown4u@mysql.com,Male,755-926-2752,Armenia,09/08/1989
176,Kania,Bond,kbond4v@fc2.com,Female,225-289-5530,Indonesia,08/19/1974
177,Kennith,Dimitriev,kdimitriev4w@hud.gov,Male,590-339-9299,Kazakhstan,06/03/1975
178,Halli,Yegorkov,hyegorkov4x@prlog.org,Female,292-925-2881,China,06/20/1980
179,Astrid,Sisey,asisey4y@sciencedirect.com,Female,185-455-1173,Nigeria,02/19/1969
180,Jeramie,Klawi,jklawi4z@ucoz.com,Male,484-101-5139,Egypt,04/12/1963
181,Max,Burtenshaw,mburtenshaw50@yolasite.com,Female,698-495-4912,Philippines,07/20/1995
182,Wolfy,Strute,wstrute51@nasa.gov,Male,995-728-7977,South Africa,12/24/2003
183,Rena,Bril,rbril52@mashable.com,Female,140-783-0689,Russia,05/27/1979
184,Rikki,Croyden,rcroyden53@statcounter.com,Female,561-318-5343,China,07/29/1972
185,Kevyn,Mangham,kmangham54@technorati.com,Female,109-237-9343,Argentina,02/19/2002
186,Buddie,Wiggett,bwiggett55@clickbank.net,Male,436-360-1637,Indonesia,07/08/1992
187,Hyman,Lindsay,hlindsay56@bizjournals.com,Bigender,597-497-2324,Mali,03/16/1996
188,Paul,Plume,pplume57@patch.com,Male,145-671-3905,Indonesia,04/18/2001
189,Hilly,Revill,hrevill58@techcrunch.com,Male,815-605-4367,Sweden,11/17/1989
190,Brana,Reimer,breimer59@networksolutions.com,Female,519-159-2418,Philippines,11/29/1981
191,Kurt,Wedmore.,kwedmore5a@house.gov,Male,984-345-7354,Jamaica,04/28/1981
192,Marcela,De Robertis,mderobertis5b@java.com,Female,933-552-7780,Brazil,04/01/1971
193,Kristopher,Barajas,kbarajas5c@com.com,Male,906-637-0329,China,07/03/1999
194,Reagan,Bass,rbass5d@soup.io,Male,439-348-4475,Czech Republic,06/24/1963
195,Anestassia,Marston,amarston5e@paginegialle.it,Female,158-453-7359,Dominican Republic,11/09/1976
196,Brigham,Brockbank,bbrockbank5f@ucla.edu,Male,351-155-3064,China,01/28/2000
197,Mollie,Caddie,mcaddie5g@linkedin.com,Female,161-591-9762,China,06/24/2003
198,Berton,Ramm,bramm5h@deviantart.com,Male,304-727-9061,Nicaragua,10/25/2004
199,Marylinda,Yare,myare5i@twitpic.com,Female,423-716-7811,Brazil,03/03/1993
200,Lynn,Wabersich,lwabersich5j@wisc.edu,Female,815-837-7490,Peru,09/16/1978
201,Val,Cuttelar,vcuttelar5k@webmd.com,Male,719-252-1117,Peru,03/22/1984
202,Skip,Faires,sfaires5l@irs.gov,Male,208-978-2004,Indonesia,08/14/1996
203,Tomaso,May,tmay5m@cam.ac.uk,Male,269-312-6691,Croatia,09/23/1971
204,Thatcher,Edney,tedney5n@homestead.com,Male,152-934-2729,Russia,04/22/1980
205,Rodi,Tatford,rtatford5o@ucsd.edu,Polygender,805-415-0615,Jamaica,09/27/1968
206,Cassaundra,Damiata,cdamiata5p@theatlantic.com,Female,268-860-3291,Poland,07/14/1962
207,Antoine,Birchill,abirchill5q@clickbank.net,Male,612-451-2627,Portugal,09/09/1987
208,Bernie,Armal,barmal5r@skype.com,Female,116-375-7902,China,01/04/1974
209,Ira,Keggins,ikeggins5s@studiopress.com,Male,750-219-9465,Serbia,01/20/1997
210,Gerianna,Lovart,glovart5t@epa.gov,Female,447-674-6861,China,08/06/1973
211,Bart,Petris,bpetris5u@shop-pro.jp,Male,287-897-4728,Croatia,01/03/1971
212,Sigfried,Lumbers,slumbers5v@prlog.org,Polygender,380-632-0499,Russia,01/20/1982
213,Mabelle,Groome,mgroome5w@cornell.edu,Female,669-300-9727,China,12/08/1988
214,Alfonse,Skullet,askullet5x@cdbaby.com,Male,773-332-5561,Greece,09/27/1987
215,Linnea,McLauchlin,lmclauchlin5y@wp.com,Polygender,611-318-6747,Colombia,05/18/1975
216,Vidovik,Alwood,valwood5z@cafepress.com,Male,789-479-1408,Argentina,06/02/1961
217,Levy,Gerred,lgerred60@geocities.com,Genderqueer,815-277-8236,China,09/27/1968
218,Crysta,Wyon,cwyon61@google.com.au,Female,699-682-9582,Poland,03/04/1975
219,Henrik,Andreutti,handreutti62@multiply.com,Male,476-198-7935,China,10/14/1963
220,Abraham,Goding,agoding63@wikispaces.com,Polygender,527-259-3714,Botswana,09/23/1972
221,Allianora,Corain,acorain64@woothemes.com,Female,296-518-1903,China,08/26/1974
222,Maynard,Jiroudek,mjiroudek65@mozilla.org,Male,103-909-3533,Indonesia,12/05/1978
223,Coriss,Ackeroyd,cackeroyd66@reverbnation.com,Female,104-846-0821,France,12/07/2004
224,Donica,Leddie,dleddie67@squidoo.com,Female,244-118-7168,Tunisia,09/26/1970
225,Jodie,Everington,jeverington68@usnews.com,Female,573-904-7386,Indonesia,04/15/2004
226,Basilius,Neylon,bneylon69@google.fr,Male,720-561-1248,Portugal,10/07/1999
227,Hildagarde,Wherry,hwherry6a@goo.gl,Female,250-243-2310,Argentina,01/05/1974
228,Othilie,Clynmans,oclynmans6b@chron.com,Non-binary,880-506-8694,Afghanistan,04/09/1974
229,Doralynn,Eblein,deblein6c@cmu.edu,Female,594-929-4947,China,05/11/1985
230,Angie,Lavery,alavery6d@cpanel.net,Female,511-201-0943,Russia,01/05/1978
231,Doy,Balmann,dbalmann6e@nymag.com,Male,227-944-3952,China,10/04/1962
232,Worthington,Buddock,wbuddock6f@bbc.co.uk,Male,914-542-3215,Malaysia,12/13/1988
233,Honoria,Rusling,hrusling6g@goo.gl,Female,110-793-3060,Philippines,11/17/1974
234,Frankie,Spira,fspira6h@phpbb.com,Female,894-717-7515,Iran,08/25/1994
235,Margy,Prendergrass,mprendergrass6i@flickr.com,Female,367-326-5289,Poland,06/26/1965
236,Glynis,Tunno,gtunno6j@who.int,Female,813-868-1171,China,07/27/1976
237,Davon,Lynde,dlynde6k@engadget.com,Male,950-293-9268,Finland,08/16/1961
238,Darius,Krauss,dkrauss6l@upenn.edu,Male,103-537-6589,North Korea,09/21/1996
239,Roberto,Pegg,rpegg6m@newsvine.com,Male,436-117-8339,Lithuania,01/22/1971
240,Corey,Tockell,ctockell6n@moonfruit.com,Female,359-207-9678,Bulgaria,07/24/1984
241,Netty,Mooney,nmooney6o@nsw.gov.au,Female,667-509-1600,Philippines,02/14/1971
242,Vick,Srutton,vsrutton6p@flickr.com,Male,482-350-5988,China,08/09/1996
243,Randall,de Chastelain,rdechastelain6q@mapy.cz,Male,721-379-3288,Sweden,03/25/1998
244,Jarid,Barnwill,jbarnwill6r@blog.com,Male,802-769-1621,Morocco,05/26/1961
245,Tuckie,Rooze,trooze6s@scribd.com,Male,627-176-7735,Colombia,07/19/2003
246,Cy,MacAulay,cmacaulay6t@amazonaws.com,Male,831-198-6329,Canada,07/27/2004
247,Denise,Lyngsted,dlyngsted6u@youku.com,Female,209-489-0265,Cameroon,10/09/1993
248,Gothart,Siaskowski,gsiaskowski6v@home.pl,Male,937-633-0671,Honduras,09/28/1960
249,Yettie,OCannovane,yocannovane6w@cyberchimps.com,Female,840-338-5624,Indonesia,06/07/2002
250,Martin,Ivanchenkov,mivanchenkov6x@mysql.com,Male,271-598-8374,Dominican Republic,11/09/1971
251,Arlyne,Bullas,abullas6y@dailymail.co.uk,Female,384-372-9940,Poland,01/26/1981
252,Freddie,Alejandro,falejandro6z@bloglovin.com,Female,354-629-2600,Czech Republic,11/23/1996
253,Babbette,Neathway,bneathway70@vistaprint.com,Female,344-536-0215,China,12/06/1980
254,Albina,Hows,ahows71@bloglines.com,Female,271-658-5529,Czech Republic,01/25/2003
255,Fitz,Whapham,fwhapham72@smugmug.com,Male,331-435-2025,Poland,12/22/1999
256,Sullivan,Deathe,sdeathe73@pinterest.com,Genderqueer,882-681-2408,Philippines,01/11/1970
257,Blithe,McClymond,bmcclymond74@etsy.com,Female,304-660-3443,France,09/28/2001
258,Kippar,Joskovitch,kjoskovitch75@unesco.org,Male,922-898-6793,Peru,01/27/1997
259,Ranna,Kirwin,rkirwin76@desdev.cn,Female,823-151-4525,Canada,08/13/1984
260,Werner,Prester,wprester77@gravatar.com,Male,789-507-9574,Russia,02/21/1977
261,Svend,Mc Ilory,smcilory78@rediff.com,Male,300-217-9708,Indonesia,05/25/1974
262,Mela,Ivashkin,mivashkin79@technorati.com,Female,895-464-2127,Portugal,08/16/1980
263,Blair,Le Claire,bleclaire7a@theglobeandmail.com,Male,271-823-3815,Portugal,06/09/1997
264,Ardyth,Praton,apraton7b@blinklist.com,Female,139-859-6133,Kazakhstan,03/05/2005
265,Bertie,Sive,bsive7c@dailymail.co.uk,Genderfluid,985-317-1359,Brazil,09/20/1971
266,Cortie,Gass,cgass7d@bing.com,Male,178-557-0336,Vietnam,07/08/1991
267,Karine,Shovelin,kshovelin7e@disqus.com,Female,339-992-0837,Hungary,05/01/1969
268,Linnet,Firby,lfirby7f@cnn.com,Female,235-990-0314,Philippines,05/18/1961
269,Dunstan,Hruska,dhruska7g@forbes.com,Male,886-568-4229,Greece,03/05/1987
270,Luther,Salway,lsalway7h@nifty.com,Male,358-840-3469,Colombia,09/17/2004
271,Sergio,Leborgne,sleborgne7i@g.co,Male,231-130-0914,Sweden,02/27/1982
272,Flossi,Sheers,fsheers7j@deviantart.com,Female,937-975-2380,Panama,01/05/1997
273,Nobe,Gainsboro,ngainsboro7k@behance.net,Genderfluid,916-958-2295,Cuba,09/08/2004
274,Angelina,Dudhill,adudhill7l@deliciousdays.com,Female,335-784-2599,China,10/28/1961
275,Jobi,Sugden,jsugden7m@bigcartel.com,Female,882-362-4228,Mexico,01/30/1983
276,Gail,Giovanardi,ggiovanardi7n@cpanel.net,Polygender,122-757-8646,Czech Republic,03/25/1971
277,Maridel,Brognot,mbrognot7o@jimdo.com,Female,987-796-6498,Thailand,10/20/1960
278,Reube,Vasyanin,rvasyanin7p@reuters.com,Male,287-122-9124,Brazil,01/10/1996
279,Hamel,Scarth,hscarth7q@canalblog.com,Male,874-258-6819,Malaysia,03/12/1974
280,Brnaby,Boullen,bboullen7r@ebay.com,Male,355-142-1750,Ghana,12/28/1995
281,Bridget,Hanssmann,bhanssmann7s@facebook.com,Female,447-908-0235,China,04/05/1979
282,Kylie,Sidden,ksidden7t@comsenz.com,Female,136-368-1179,Russia,11/06/1978
283,Carline,Curcher,ccurcher7u@ca.gov,Female,318-191-3069,China,08/20/1986
284,Tadio,Geldeard,tgeldeard7v@samsung.com,Male,117-950-6508,Canada,01/29/1984
285,Binky,Jeanenet,bjeanenet7w@weibo.com,Male,118-677-0064,China,07/07/1969
286,Inna,Winskill,iwinskill7x@ow.ly,Female,849-494-5056,Portugal,01/07/1963
287,Clio,Calender,ccalender7y@fc2.com,Genderqueer,413-788-8635,Indonesia,06/06/1969
288,Pattie,Revans,prevans7z@samsung.com,Male,202-180-4284,Portugal,07/10/1974
289,Rafaela,Spindler,rspindler80@apache.org,Female,445-602-6537,Indonesia,10/26/1968
290,Bill,Stoffers,bstoffers81@google.ca,Agender,623-379-7062,China,03/10/1984
291,Kial,Maldin,kmaldin82@kickstarter.com,Female,892-299-7080,Poland,03/08/1980
292,Germain,Rushbrook,grushbrook83@comcast.net,Male,449-985-1589,Japan,04/17/2005
293,Georgine,Drewet,gdrewet84@barnesandnoble.com,Female,189-674-3431,China,03/04/1968
294,Virgie,Coat,vcoat85@topsy.com,Female,441-106-1172,Russia,05/02/1996
295,Skipper,Lillico,slillico86@boston.com,Genderfluid,910-339-8247,Philippines,04/30/1970
296,Misti,Searson,msearson87@kickstarter.com,Female,103-251-6498,Greece,09/24/2004
297,Antonetta,LEpiscopi,alepiscopi88@hhs.gov,Female,638-421-0146,Pakistan,02/12/2004
298,Cindy,Mattioni,cmattioni89@google.ru,Genderqueer,466-632-0404,Sweden,05/30/1969
299,Kleon,Pietron,kpietron8a@tumblr.com,Male,160-902-9571,Greece,01/30/2002
300,Sidney,Cleever,scleever8b@sphinn.com,Male,746-870-9569,Sri Lanka,12/01/1961
301,Bjorn,Longhorn,blonghorn8c@technorati.com,Male,839-692-1170,Indonesia,06/27/1965
302,Mendel,Matzl,mmatzl8d@mac.com,Non-binary,226-549-5005,China,06/06/1986
303,Isaak,Freire,ifreire8e@meetup.com,Male,857-630-6742,Brazil,01/05/1989
304,Libbi,Gimeno,lgimeno8f@wunderground.com,Genderfluid,391-769-1534,Brazil,12/11/1964
305,Orran,Frondt,ofrondt8g@uiuc.edu,Non-binary,348-898-5139,Indonesia,06/12/2000
306,Cad,Chesman,cchesman8h@ucla.edu,Male,660-289-9068,Canada,12/07/1990
307,Kinnie,Grodden,kgrodden8i@utexas.edu,Bigender,425-477-2174,Indonesia,05/11/1995
308,Nikita,Barefoot,nbarefoot8j@scribd.com,Male,694-670-1262,Japan,07/31/2001
309,Cordie,Howkins,chowkins8k@bbb.org,Male,601-215-4684,Tonga,01/04/1978
310,Myrta,Marunchak,mmarunchak8l@topsy.com,Female,469-392-0797,China,09/03/1990
311,Tabby,Sopp,tsopp8m@qq.com,Male,834-382-1424,Greece,02/16/1976
312,Merline,Mudge,mmudge8n@addtoany.com,Female,892-480-4021,Peru,08/04/1984
313,Issi,Bills,ibills8o@auda.org.au,Female,484-113-0569,Ukraine,07/29/1968
314,Klemens,Sorrel,ksorrel8p@dropbox.com,Male,167-751-5282,China,08/04/1994
315,Rene,Stigers,rstigers8q@seesaa.net,Female,393-732-9992,Thailand,02/11/1966
316,Fionna,Forsyth,fforsyth8r@desdev.cn,Female,212-757-3838,United States,09/10/1961
317,Neall,Lawrenson,nlawrenson8s@hugedomains.com,Male,209-207-0124,Poland,02/26/1979
318,Abey,Crass,acrass8t@jiathis.com,Male,689-497-4133,Canada,08/25/1988
319,Hasty,Readshaw,hreadshaw8u@google.de,Male,745-381-7974,Ireland,09/02/1987
320,Kristian,Marven,kmarven8v@php.net,Male,894-132-4515,Nigeria,04/11/1978
321,Audie,Lazonby,alazonby8w@blinklist.com,Female,799-378-3431,Indonesia,10/01/1966
322,Bjorn,Wiseman,bwiseman8x@google.com.au,Male,818-284-0393,Nigeria,04/03/1979
323,Bing,Harmeston,bharmeston8y@wp.com,Male,457-963-9777,China,09/17/1995
324,Malena,Pohl,mpohl8z@gmpg.org,Female,858-871-5401,China,02/05/1990
325,Odell,Sparham,osparham90@canalblog.com,Male,301-600-6163,Albania,07/02/1994
326,Swen,Fairbourn,sfairbourn91@spotify.com,Male,744-537-1177,Indonesia,09/01/1989
327,Eugenio,Senogles,esenogles92@theguardian.com,Male,484-540-7850,China,02/02/1992
328,Emelda,MacCahee,emaccahee93@example.com,Female,687-846-8058,Democratic Republic of the Congo,06/03/1961
329,Dalston,Wooler,dwooler94@moonfruit.com,Male,696-111-6127,Ukraine,07/20/2002
330,Hartwell,Rozanski,hrozanski95@reference.com,Male,744-651-5055,Portugal,10/19/2001
331,Annmaria,Binfield,abinfield96@alibaba.com,Female,477-401-5019,Indonesia,01/20/1979
332,Em,Freschi,efreschi97@tuttocitta.it,Male,459-269-7551,China,05/31/1998
333,Krissie,Gaffey,kgaffey98@godaddy.com,Genderqueer,763-101-7861,Indonesia,07/02/1970
334,Ahmad,Ventam,aventam99@furl.net,Male,664-963-0818,Honduras,02/08/1966
335,Raphael,Thominga,rthominga9a@themeforest.net,Agender,341-836-5811,China,12/17/2002
336,Jana,Paddy,jpaddy9b@merriam-webster.com,Female,316-656-7153,Iran,06/05/1974
337,Stormie,Illingsworth,sillingsworth9c@google.cn,Agender,703-932-8479,Indonesia,09/02/1973
338,Karleen,Charteris,kcharteris9d@istockphoto.com,Female,169-508-0580,Ireland,07/20/1962
339,Vanny,Janouch,vjanouch9e@soup.io,Female,935-156-0924,Honduras,08/18/2002
340,Yoshiko,Vittore,yvittore9f@berkeley.edu,Female,262-866-4922,Brazil,10/28/1997
341,Cloris,Reignould,creignould9g@europa.eu,Female,846-763-6315,Bangladesh,07/04/1962
342,Keelby,Radish,kradish9h@indiatimes.com,Male,110-267-3519,China,03/13/1989
343,Hewie,Cousin,hcousin9i@aboutads.info,Male,779-931-8978,China,06/02/1991
344,Leonerd,Gelderd,lgelderd9j@comcast.net,Male,260-271-3992,China,07/16/1968
345,Georgy,Hamon,ghamon9k@msn.com,Male,692-399-9565,Sweden,07/18/1960
346,Ashlen,De La Haye,adelahaye9l@wikia.com,Female,865-502-5023,Malaysia,06/18/1969
347,Sarene,Chapellow,schapellow9m@alexa.com,Female,358-159-9564,Russia,02/21/1982
348,Payton,Taylorson,ptaylorson9n@acquirethisname.com,Male,304-335-0004,Indonesia,12/26/2003
349,Nicki,Artus,nartus9o@businesswire.com,Female,970-807-2870,Indonesia,03/19/2002
350,Derby,Mattson,dmattson9p@ezinearticles.com,Male,365-520-8083,Eritrea,08/27/2000
351,Homer,Enterlein,henterlein9q@bloglovin.com,Male,796-620-9222,Namibia,08/27/1992
352,Ame,Sempill,asempill9r@pinterest.com,Female,659-401-8364,North Korea,11/20/1962
353,Buckie,Kochs,bkochs9s@patch.com,Male,777-277-8592,Rwanda,06/01/1964
354,Ryann,Thomas,rthomas9t@apple.com,Female,865-595-1714,China,02/09/1985
355,Cullie,Mowsdill,cmowsdill9u@apache.org,Male,283-609-6873,Philippines,01/14/1972
356,Corabelle,Beaney,cbeaney9v@msu.edu,Female,440-291-8435,Philippines,04/14/1961
357,Fred,Tieraney,ftieraney9w@springer.com,Male,688-680-5945,China,06/07/1983
358,Jeff,Snowdon,jsnowdon9x@google.de,Male,973-858-0377,Greece,05/05/1968
359,Nickie,Richardson,nrichardson9y@goodreads.com,Female,365-925-6537,Portugal,04/09/1994
360,Diann,McWilliam,dmcwilliam9z@dagondesign.com,Female,830-677-8331,Bahamas,04/02/1974
361,Lucienne,Norkett,lnorketta0@printfriendly.com,Female,588-106-7680,Brazil,08/26/1991
362,Elayne,Realff,erealffa1@state.tx.us,Female,518-342-0771,Haiti,12/13/1993
363,Merrill,Amyes,mamyesa2@ycombinator.com,Genderfluid,259-299-6129,Serbia,08/19/1989
364,Kip,Nash,knasha3@mozilla.org,Male,681-127-7871,Brazil,05/12/2004
365,Audy,Fackney,afackneya4@live.com,Female,400-558-7475,Russia,04/07/1978
366,Solly,Yorath,syoratha5@sitemeter.com,Male,656-157-7177,China,02/17/1962
367,Ferris,Tolworth,ftolwortha6@sciencedirect.com,Male,499-604-6301,China,11/18/1971
368,Hilton,Hargrove,hhargrovea7@biglobe.ne.jp,Male,180-404-8311,China,10/14/1969
369,Cordy,Gemeau,cgemeaua8@topsy.com,Female,211-414-7229,Ukraine,11/19/1961
370,Chrisy,Spaducci,cspaduccia9@merriam-webster.com,Male,312-401-6382,China,04/16/2001
371,Floria,Nan Carrow,fnancarrowaa@cnbc.com,Female,551-776-9065,Philippines,06/19/1996
372,Oralia,Stallebrass,ostallebrassab@printfriendly.com,Female,106-313-1501,Burkina Faso,12/15/1976
373,Barnard,Bonnyson,bbonnysonac@tumblr.com,Male,897-369-3808,Russia,06/01/1989
374,Harald,Fernie,hferniead@stumbleupon.com,Male,165-460-4994,Indonesia,11/18/2000
375,Tuesday,Stevani,tstevaniae@gov.uk,Female,599-704-9673,Portugal,08/30/1973
376,Ellery,Garden,egardenaf@sciencedaily.com,Bigender,440-913-2234,Nigeria,05/11/1990
377,Darby,Heritege,dheritegeag@prnewswire.com,Genderqueer,878-794-8700,Russia,12/13/1970
378,George,Sparey,gspareyah@cargocollective.com,Male,487-629-7690,China,03/22/1971
379,Dari,Sobczak,dsobczakai@nature.com,Female,998-158-5546,Bulgaria,05/24/1960
380,Nicola,Torr,ntorraj@cisco.com,Female,144-420-1148,Honduras,03/09/1999
381,Wesley,Djurisic,wdjurisicak@businessweek.com,Male,198-217-3557,Portugal,06/26/1980
382,Mandie,Sheara,mshearaal@apple.com,Female,172-537-6908,Japan,11/30/1962
383,Brodie,Blincowe,bblincoweam@vistaprint.com,Male,482-224-8776,Latvia,10/19/1964
384,Des,Wilbud,dwilbudan@weibo.com,Male,115-125-9184,El Salvador,11/25/1976
385,Hugh,Mitham,hmithamao@hhs.gov,Male,188-832-5148,China,05/01/2000
386,Ava,Glowacki,aglowackiap@samsung.com,Non-binary,904-869-2069,United States,02/15/1968
387,Gris,Klimshuk,gklimshukaq@edublogs.org,Male,712-995-5955,Norway,02/18/1978
388,Angeli,Magill,amagillar@adobe.com,Agender,421-963-6175,Indonesia,08/23/1994
389,Quillan,Debow,qdebowas@netlog.com,Male,597-120-9552,Nepal,06/03/1972
390,Cara,Salzberger,csalzbergerat@typepad.com,Female,667-923-5826,Indonesia,04/28/1996
391,Kent,Dodgshon,kdodgshonau@merriam-webster.com,Male,192-750-3650,Mongolia,11/07/1965
392,Jarrett,Gritton,jgrittonav@biglobe.ne.jp,Agender,992-909-3791,Brazil,11/11/2004
393,Ernesta,Calverley,ecalverleyaw@ovh.net,Female,159-285-2116,Ukraine,07/17/1994
394,Kikelia,Murrie,kmurrieax@hud.gov,Female,861-960-9716,Czech Republic,08/17/1989
395,Karia,Butrimovich,kbutrimovichay@cpanel.net,Polygender,406-128-7334,Indonesia,10/17/1989
396,Cam,McCarrick,cmccarrickaz@loc.gov,Male,881-979-2554,Philippines,09/11/1970
397,Innis,Stockley,istockleyb0@weibo.com,Male,536-885-0369,Russia,10/21/1974
398,Nancey,Sleeford,nsleefordb1@latimes.com,Female,744-549-3640,Guam,05/23/1974
399,Dee,Scatchard,dscatchardb2@gov.uk,Female,573-338-3088,Poland,08/01/1974
400,Whit,Giamuzzo,wgiamuzzob3@mlb.com,Male,872-977-7415,Philippines,10/01/1998
401,Laurice,Hambrick,lhambrickb4@1688.com,Female,245-477-0665,Iraq,09/01/1997
402,Kincaid,Birtchnell,kbirtchnellb5@t-online.de,Male,177-802-1008,Portugal,04/28/1965
403,Joaquin,Peche,jpecheb6@un.org,Male,627-463-2151,Philippines,10/02/2000
404,Conway,Foynes,cfoynesb7@theglobeandmail.com,Male,224-276-3362,Peru,08/15/1995
405,Afton,Bennedick,abennedickb8@qq.com,Female,886-960-7162,Poland,12/17/1983
406,Joelly,Sainteau,jsainteaub9@squidoo.com,Female,189-607-8176,Madagascar,01/21/2001
407,Georgeanna,Coddington,gcoddingtonba@eventbrite.com,Female,334-368-2392,South Africa,04/27/1992
408,Melinde,Turnock,mturnockbb@soup.io,Female,195-775-2244,Peru,08/26/1962
409,Duffy,Fallon,dfallonbc@joomla.org,Male,616-420-5622,Norway,03/22/1975
410,Karl,Baumler,kbaumlerbd@berkeley.edu,Male,389-306-6781,Indonesia,05/12/1962
411,Emmerich,Norcop,enorcopbe@toplist.cz,Male,166-677-2746,Poland,09/22/1997
412,Stillman,Dudden,sduddenbf@yelp.com,Male,652-171-0119,Lithuania,01/05/1967
413,Valerie,Boyles,vboylesbg@bluehost.com,Female,770-865-9788,Brazil,10/16/1998
414,Alfy,Ellison,aellisonbh@google.es,Male,548-460-6020,Indonesia,08/02/1968
415,Iosep,Henaughan,ihenaughanbi@storify.com,Male,840-904-4898,Philippines,07/22/1980
416,Deborah,Hutsby,dhutsbybj@mayoclinic.com,Female,860-468-3876,Indonesia,10/28/1982
417,Eleonora,Maggi,emaggibk@tamu.edu,Female,842-456-7691,Nigeria,09/26/1997
418,Nikita,Fenner,nfennerbl@linkedin.com,Male,800-670-2093,Portugal,12/21/1960
419,Spenser,ORodane,sorodanebm@about.me,Genderqueer,710-560-2250,Honduras,03/16/1984
420,Gan,Harkins,gharkinsbn@webmd.com,Polygender,618-648-8439,China,02/19/2001
421,Mabelle,Whisker,mwhiskerbo@walmart.com,Female,177-539-1357,Peru,11/16/1969
422,Devondra,Crielly,dcriellybp@nsw.gov.au,Female,180-430-8571,China,02/20/1998
423,Chrotoem,Wadworth,cwadworthbq@nhs.uk,Male,272-112-9493,China,02/03/1964
424,Claudianus,Fillary,cfillarybr@cisco.com,Male,158-722-1463,Czech Republic,06/29/1983
425,Nady,Checci,ncheccibs@hhs.gov,Female,874-373-0430,Indonesia,05/05/2000
426,Louis,Tommei,ltommeibt@foxnews.com,Male,459-429-6259,Philippines,05/27/1993
427,Barbabra,Huffy,bhuffybu@china.com.cn,Female,454-627-7341,Armenia,03/14/1991
428,Hazel,Haslehurst,hhaslehurstbv@reddit.com,Male,458-388-9610,China,05/14/1972
429,Cherida,Griston,cgristonbw@toplist.cz,Female,965-185-7103,Cambodia,11/13/1999
430,Cammi,Etherton,cethertonbx@berkeley.edu,Female,716-757-5884,Greece,07/06/1961
431,Emiline,Mitskevich,emitskevichby@goodreads.com,Female,795-179-4950,Philippines,04/26/1986
432,Inger,Beeston,ibeestonbz@wikipedia.org,Male,302-969-9318,China,11/21/1988
433,Bail,Trustey,btrusteyc0@friendfeed.com,Male,883-722-0183,France,09/25/1998
434,Meryl,Imloch,mimlochc1@buzzfeed.com,Male,940-487-0281,Indonesia,06/07/1993
435,John,Carpenter,jcarpenterc2@goodreads.com,Male,736-285-9917,Russia,03/07/2000
436,Anders,Henningham,ahenninghamc3@nhs.uk,Male,134-913-7426,Indonesia,08/10/1981
437,Yuri,Sackler,ysacklerc4@tuttocitta.it,Male,106-543-6805,Portugal,02/16/1986
438,Johann,Dullingham,jdullinghamc5@alexa.com,Male,688-522-4557,China,05/24/2003
439,Cassey,Bradshaw,cbradshawc6@woothemes.com,Genderqueer,283-671-6988,Indonesia,11/12/1978
440,Gustave,Leggott,gleggottc7@google.fr,Male,823-736-5822,Poland,03/10/1963
441,Davy,Macias,dmaciasc8@globo.com,Male,713-162-4569,China,12/15/2000
442,Kimbell,Amiranda,kamirandac9@behance.net,Agender,292-336-1565,Sweden,12/23/1991
443,Petronella,Spreull,pspreullca@netscape.com,Genderfluid,276-576-0791,Sweden,06/11/1985
444,Marwin,Spurritt,mspurrittcb@google.com,Male,203-573-1255,Gabon,11/08/1981
445,Shanna,Rosenau,srosenaucc@rediff.com,Female,114-440-9147,Colombia,02/23/1979
446,Cori,Goodey,cgoodeycd@last.fm,Male,153-394-3527,Mexico,11/05/1980
447,Rodd,Bunhill,rbunhillce@furl.net,Male,589-283-5919,Sweden,02/15/1990
448,Rycca,Silver,rsilvercf@uiuc.edu,Female,878-650-4360,Morocco,03/16/1966
449,Gus,Biaggioni,gbiaggionicg@smh.com.au,Male,548-758-0401,China,10/07/1962
450,Ruddie,Jozsa,rjozsach@photobucket.com,Male,322-624-4592,Brazil,08/28/2003
451,Eveline,Sproat,esproatci@smugmug.com,Female,529-510-5161,China,12/08/1990
452,Bartolemo,Spracklin,bspracklincj@amazon.co.uk,Male,378-262-8680,Albania,04/10/1976
453,Gregg,Goldsmith,ggoldsmithck@nasa.gov,Male,647-213-7237,Latvia,01/10/2004
454,Joceline,Piff,jpiffcl@epa.gov,Female,969-675-1986,China,09/12/1983
455,Jared,Vaughan,jvaughancm@sun.com,Male,898-665-4810,Czech Republic,03/16/1967
456,Emlyn,Gommes,egommescn@hhs.gov,Female,511-368-9483,Dominican Republic,04/09/1984
457,Hillery,Lantaff,hlantaffco@wix.com,Male,732-342-2580,Indonesia,05/02/1962
458,Bekki,Dillicate,bdillicatecp@craigslist.org,Female,518-799-2793,Venezuela,06/24/1967
459,Immanuel,Feldharker,ifeldharkercq@nymag.com,Non-binary,912-934-4152,Czech Republic,07/30/1988
460,Dee dee,Rockcliff,drockcliffcr@wordpress.com,Female,772-364-8503,Bangladesh,02/10/1974
461,Sari,Clendinning,sclendinningcs@usda.gov,Female,628-590-7639,Brazil,06/23/1977
462,Annelise,Lathe,alathect@bizjournals.com,Female,154-129-8961,China,10/10/1979
463,Leslie,Cruikshank,lcruikshankcu@hp.com,Male,959-205-5624,Slovenia,03/08/1979
464,Ashleigh,Burger,aburgercv@angelfire.com,Female,618-802-6469,Brazil,05/21/1973
465,Lindsey,Petrov,lpetrovcw@wisc.edu,Genderfluid,277-944-3549,France,02/09/1992
466,Elinor,Neames,eneamescx@bloglines.com,Female,310-683-8289,Brazil,12/30/1991
467,Wynne,Foy,wfoycy@howstuffworks.com,Female,981-760-5218,Dominican Republic,12/08/1986
468,Klaus,Varvell,kvarvellcz@hubpages.com,Male,989-841-9394,Japan,04/11/1990
469,Joanie,Lune,jluned0@multiply.com,Female,808-985-7880,South Africa,05/29/1980
470,Flo,Banbridge,fbanbridged1@wikimedia.org,Female,254-266-8717,Russia,11/04/1995
471,Katharine,OShesnan,koshesnand2@tripod.com,Female,866-253-7851,Argentina,09/10/1968
472,Salem,Gilyott,sgilyottd3@salon.com,Male,638-991-0124,Russia,05/25/1984
473,Adlai,Smithend,asmithendd4@edublogs.org,Non-binary,282-799-6762,China,08/31/1993
474,Cyndi,Lewsy,clewsyd5@google.de,Female,409-887-3341,Angola,06/13/1965
475,Darcy,Goodship,dgoodshipd6@ed.gov,Male,446-982-0683,Russia,05/03/2003
476,Ab,Grabert,agrabertd7@livejournal.com,Male,712-633-0426,Indonesia,09/05/2001
477,Tallulah,Takis,ttakisd8@indiatimes.com,Female,576-316-1164,Paraguay,07/29/1964
478,Aila,Rumke,arumked9@g.co,Female,818-610-3125,United Kingdom,05/01/1966
479,Randall,Creenan,rcreenanda@homestead.com,Male,487-843-9086,China,11/12/1982
480,Sarette,Jachimczak,sjachimczakdb@statcounter.com,Female,491-323-2446,Guyana,04/06/1982
481,Pepe,Gorioli,pgoriolidc@ehow.com,Male,434-494-6702,Ukraine,10/07/1989
482,Noll,Hazeley,nhazeleydd@1und1.de,Male,992-172-7922,China,05/29/1994
483,Clerkclaude,Skypp,cskyppde@unesco.org,Male,152-440-7297,Indonesia,12/23/1990
484,Adelind,Heyward,aheywarddf@gizmodo.com,Female,556-311-8687,Argentina,05/16/1974
485,Jareb,Mourge,jmourgedg@ucla.edu,Male,997-850-1488,Finland,08/10/1961
486,Irwin,Pine,ipinedh@unc.edu,Male,874-936-8607,Ukraine,06/23/1961
487,Siffre,Tarbin,starbindi@cbsnews.com,Genderfluid,961-923-6504,Yemen,12/16/1980
488,Mohandas,McGragh,mmcgraghdj@arstechnica.com,Male,412-318-8680,Portugal,12/03/1963
489,Desirae,Embra,dembradk@comcast.net,Female,298-664-2596,New Zealand,10/29/1982
490,Woodman,Charlewood,wcharlewooddl@delicious.com,Male,652-837-2507,Philippines,08/17/1966
491,Dacy,Eccott,deccottdm@yale.edu,Female,770-168-0823,Greece,10/30/1981
492,Abner,Incogna,aincognadn@patch.com,Male,136-604-0376,Ukraine,10/16/1990
493,Melly,Hobson,mhobsondo@umich.edu,Genderfluid,838-577-3356,Anguilla,01/28/1994
494,Harrietta,McAuley,hmcauleydp@cdbaby.com,Female,919-554-2272,Iran,12/22/1995
495,Burnaby,Towhey,btowheydq@dot.gov,Male,706-526-9366,Vietnam,12/08/1984
496,Georgi,Farrant,gfarrantdr@ucla.edu,Bigender,669-505-2506,Philippines,03/29/1988
497,Gleda,Sictornes,gsictornesds@ocn.ne.jp,Female,317-388-8225,Nigeria,08/29/1999
498,Idette,Teare,itearedt@wikipedia.org,Female,277-593-0957,Peru,06/06/2004
499,Annabel,Riche,arichedu@blogspot.com,Female,124-732-8730,Philippines,07/14/1969
500,Fredra,Winman,fwinmandv@godaddy.com,Female,502-335-4080,Colombia,05/25/1995
501,Trefor,Springett,tspringettdw@amazon.com,Male,303-865-3673,Indonesia,12/10/1962
502,Amara,Lum,alumdx@wikipedia.org,Female,927-361-2432,Greece,10/09/1965
503,Niles,Rivalland,nrivallanddy@soundcloud.com,Male,207-665-0778,Russia,04/26/1963
504,Valencia,Wells,vwellsdz@baidu.com,Female,716-732-7268,China,05/25/1989
505,Karim,Hainsworth,khainsworthe0@indiegogo.com,Male,281-971-9074,Russia,08/13/1979
506,Theodore,Ten Broek,ttenbroeke1@is.gd,Male,460-225-8588,Spain,11/07/1994
507,Izzy,Lowdham,ilowdhame2@topsy.com,Male,225-760-0322,China,09/09/1973
508,Kata,Paradin,kparadine3@bbc.co.uk,Female,710-716-9972,Philippines,07/29/1995
509,Che,Triggle,ctrigglee4@latimes.com,Male,642-890-1822,Netherlands,01/31/1969
510,Ulrick,Grantham,ugranthame5@yandex.ru,Male,365-203-9654,Indonesia,11/24/1991
511,Jake,Roust,jrouste6@irs.gov,Male,403-747-0804,Guatemala,08/11/1980
512,Charla,Chambers,cchamberse7@ovh.net,Female,294-268-4284,Brazil,08/14/1999
513,Yancy,Itzchaki,yitzchakie8@aboutads.info,Male,550-666-0487,China,01/11/2000
514,Shandeigh,Burn,sburne9@google.de,Female,203-686-8829,China,09/29/1986
515,Ketty,Pinard,kpinardea@springer.com,Female,223-353-5967,Nigeria,09/08/1998
516,Andromache,Ashlee,aashleeeb@ucsd.edu,Female,518-424-6614,China,06/22/2000
517,Giulio,Godding,ggoddingec@intel.com,Male,404-947-3582,Indonesia,03/15/1970
518,Durante,Mynard,dmynarded@cmu.edu,Male,893-978-0504,Indonesia,01/29/2002
519,Derek,Kitt,dkittee@aboutads.info,Male,646-421-1709,Indonesia,02/05/1961
520,Huey,Culter,hculteref@youku.com,Male,530-422-3466,Greece,08/08/1966
521,Irene,Fitzjohn,ifitzjohneg@squarespace.com,Female,970-363-3694,China,08/08/1988
522,Sari,Folshom,sfolshomeh@wix.com,Female,565-708-5415,Ukraine,11/12/1993
523,Link,Dablin,ldablinei@twitter.com,Male,746-384-0548,Poland,08/16/1993
524,Averyl,Halls,ahallsej@pinterest.com,Female,935-877-2515,France,09/19/1964
525,Sibeal,Snassell,ssnassellek@jugem.jp,Female,623-539-8239,France,08/24/2001
526,Sherye,Giacobillo,sgiacobilloel@bbc.co.uk,Female,196-845-0243,Netherlands,01/17/1984
527,Frederich,Calles,fcallesem@digg.com,Male,796-309-0196,Russia,07/04/1985
528,Bryon,Timpany,btimpanyen@reuters.com,Male,363-979-7728,Honduras,02/01/1980
529,Rudolfo,Perrelle,rperrelleeo@abc.net.au,Male,859-442-7600,Portugal,12/16/1994
530,Kassi,Bilbrook,kbilbrookep@indiatimes.com,Female,522-244-5058,Afghanistan,12/29/1961
531,Alfred,Sharpley,asharpleyeq@comcast.net,Male,991-121-9580,Indonesia,07/24/1961
532,Ginnifer,Welsby,gwelsbyer@google.fr,Polygender,909-227-0941,China,10/22/1960
533,Gram,Doag,gdoages@baidu.com,Male,725-644-1319,China,09/17/2004
534,Colby,Keemar,ckeemaret@godaddy.com,Bigender,750-483-4158,North Korea,07/13/1992
535,Cecilia,Bennough,cbennougheu@ifeng.com,Female,691-570-6990,Indonesia,06/11/1967
536,Arleen,Bridgewood,abridgewoodev@gizmodo.com,Polygender,775-455-9846,China,05/03/1986
537,Mata,Mellon,mmellonew@forbes.com,Male,173-228-7065,Czech Republic,08/30/1978
538,Barde,Haack,bhaackex@google.it,Male,155-265-2056,Serbia,01/09/1973
539,Adrian,Scaddon,ascaddoney@paginegialle.it,Male,170-850-1368,Czech Republic,01/11/1965
540,Gustie,McKaile,gmckaileez@netlog.com,Polygender,328-439-2340,Latvia,05/13/1971
541,Layton,Croote,lcrootef0@nps.gov,Male,657-818-8342,China,10/26/1970
542,Robin,Kunat,rkunatf1@dagondesign.com,Male,583-749-6723,Russia,04/08/1973
543,Gilles,Lamasna,glamasnaf2@behance.net,Male,391-595-8936,Mongolia,02/05/1997
544,Mata,Guillet,mguilletf3@squarespace.com,Male,749-183-7954,China,10/18/2002
545,Conrado,Greenough,cgreenoughf4@com.com,Male,945-290-0799,Indonesia,10/05/2000
546,Harland,Bidwell,hbidwellf5@quantcast.com,Male,286-330-8306,China,01/10/1995
547,Carlyle,McCloy,cmccloyf6@nih.gov,Genderqueer,857-414-2204,France,09/14/1964
548,Benita,Oak,boakf7@multiply.com,Female,313-635-1426,Portugal,10/21/2002
549,Foss,Rosellini,frosellinif8@umn.edu,Male,234-796-5037,Aruba,08/31/1999
550,Ronnie,Holdron,rholdronf9@msu.edu,Male,633-148-7061,Costa Rica,12/26/1974
551,Sarene,Kropach,skropachfa@technorati.com,Female,894-969-0075,Indonesia,07/23/1977
552,Penn,Curbishley,pcurbishleyfb@wordpress.com,Male,259-321-6612,Indonesia,11/22/1997
553,Kipp,McCowan,kmccowanfc@wunderground.com,Male,535-819-1682,Brazil,03/04/1992
554,Kilian,Smallman,ksmallmanfd@php.net,Male,441-494-4934,Greece,12/12/2002
555,Fredrick,Barber,fbarberfe@wiley.com,Male,862-508-4264,Indonesia,03/25/1983
556,Sharline,Giacobazzi,sgiacobazziff@amazon.co.jp,Female,716-619-4712,United States,09/18/1983
557,Leah,Benito,lbenitofg@webnode.com,Female,570-724-1338,Indonesia,02/07/2003
558,Domeniga,Bahike,dbahikefh@biglobe.ne.jp,Female,809-912-7121,Colombia,03/12/1990
559,Wandis,Dunton,wduntonfi@squarespace.com,Female,332-297-9246,Ivory Coast,04/17/1979
560,Eileen,Rossetti,erossettifj@netvibes.com,Female,776-587-4234,Sweden,04/15/1983
561,Lissa,Mussett,lmussettfk@nytimes.com,Female,892-534-2006,Sweden,11/26/1972
562,Sophia,Ulster,sulsterfl@nyu.edu,Female,123-551-6595,China,01/25/1978
563,Kim,Kopps,kkoppsfm@wikispaces.com,Male,360-161-0316,Greece,09/01/1973
564,Erina,Burdekin,eburdekinfn@dailymotion.com,Female,271-880-7199,Portugal,12/18/1977
565,Celeste,Dicky,cdickyfo@com.com,Female,425-468-0305,United States,09/06/1988
566,Daveta,Avrahamy,davrahamyfp@people.com.cn,Agender,192-656-4276,Poland,07/28/1981
567,Rubi,Fransewich,rfransewichfq@youku.com,Female,908-563-0536,Norway,04/26/1991
568,Eugenie,Kinde,ekindefr@rakuten.co.jp,Female,763-277-2581,Indonesia,08/14/1977
569,Web,Rutley,wrutleyfs@liveinternet.ru,Male,989-185-4725,China,04/29/1966
570,Wendall,Swaysland,wswayslandft@smugmug.com,Male,853-941-9384,Panama,08/14/1986
571,Kearney,Grimstead,kgrimsteadfu@cafepress.com,Male,166-422-5569,France,01/13/1978
572,Willette,Clampe,wclampefv@slashdot.org,Female,748-820-5112,China,11/21/1966
573,Elfrida,Figura,efigurafw@amazon.com,Non-binary,402-922-2195,Philippines,02/17/1997
574,Madelaine,Caveau,mcaveaufx@smugmug.com,Genderqueer,971-708-3682,Indonesia,08/30/1992
575,Charleen,Going,cgoingfy@canalblog.com,Female,730-245-9609,Comoros,06/02/1987
576,Jacquie,Beevers,jbeeversfz@dailymotion.com,Female,531-966-7903,Spain,02/01/1977
577,Zebedee,Voelker,zvoelkerg0@nps.gov,Male,883-300-4017,Indonesia,06/18/2000
578,Traver,Waldocke,twaldockeg1@home.pl,Male,261-302-7715,Vietnam,01/09/1965
579,Lulu,Szymaniak,lszymaniakg2@prnewswire.com,Female,828-874-3797,Ireland,09/03/1975
580,Curcio,Norcliff,cnorcliffg3@soundcloud.com,Male,176-990-1268,China,07/22/1991
581,Iris,Roskruge,iroskrugeg4@bizjournals.com,Female,727-839-8444,Russia,12/02/1962
582,Siouxie,Setterington,ssetteringtong5@angelfire.com,Female,424-922-1681,Sweden,09/02/1987
583,Brandon,Crabbe,bcrabbeg6@cmu.edu,Genderqueer,378-867-0917,Indonesia,01/28/1970
584,Bell,Oertzen,boertzeng7@miibeian.gov.cn,Female,639-673-1595,Tunisia,08/30/1990
585,Noellyn,Menary,nmenaryg8@merriam-webster.com,Female,718-808-1603,China,04/25/1963
586,Land,Aleksandrev,laleksandrevg9@yellowpages.com,Male,655-189-8629,Indonesia,08/20/1996
587,Jeffrey,Bisley,jbisleyga@mozilla.org,Male,783-994-5103,Ukraine,11/05/1973
588,Glennis,Inold,ginoldgb@icio.us,Female,140-472-4532,Honduras,01/14/1979
589,Grier,Daborne,gdabornegc@miitbeian.gov.cn,Genderqueer,848-908-6305,Russia,05/30/1986
590,Tan,Ongin,tongingd@taobao.com,Male,916-567-3573,United States,05/28/2003
591,Averil,Gullam,agullamge@eepurl.com,Male,485-414-8138,China,01/04/2004
592,Evered,Brosini,ebrosinigf@vkontakte.ru,Male,202-898-6360,United States,03/22/1972
593,Nappie,Freckleton,nfreckletongg@google.de,Male,792-605-1375,Sweden,01/12/1965
594,Thaddus,Durant,tdurantgh@mac.com,Male,634-712-1091,Italy,10/13/1995
595,Bidget,Gowdie,bgowdiegi@hexun.com,Female,633-661-2836,Philippines,09/28/1961
596,Bruno,Cheverton,bchevertongj@digg.com,Male,473-623-7273,China,04/15/1970
597,Margy,Cockerham,mcockerhamgk@latimes.com,Female,794-757-5419,Mongolia,01/13/1978
598,Carey,Miko,cmikogl@godaddy.com,Female,163-666-0572,Albania,01/23/1982
599,Leia,Sill,lsillgm@virginia.edu,Bigender,788-667-8181,Portugal,08/11/1973
600,Leland,Birdseye,lbirdseyegn@cmu.edu,Male,157-201-8154,Ireland,10/29/1979
601,Isaiah,Rubenovic,irubenovicgo@go.com,Genderqueer,957-399-2501,China,09/01/1994
602,Ermanno,Bedwell,ebedwellgp@imageshack.us,Male,902-584-8468,Greece,09/12/2003
603,Winfield,Cordeux,wcordeuxgq@tripadvisor.com,Male,775-510-9439,Czech Republic,01/04/1996
604,Yankee,Antonelli,yantonelligr@ycombinator.com,Male,653-922-5211,Vietnam,10/04/1971
605,Halli,Cassius,hcassiusgs@netlog.com,Female,930-507-0951,China,09/03/1994
606,Sukey,Klas,sklasgt@aboutads.info,Female,539-687-5991,China,03/09/1972
607,Mark,Wallenger,mwallengergu@alexa.com,Male,878-204-4314,Canada,12/13/1970
608,Lewes,McElane,lmcelanegv@fda.gov,Agender,249-738-2502,Philippines,11/04/1963
609,Frieda,Rosiello,frosiellogw@ox.ac.uk,Female,451-369-8172,Indonesia,08/06/1962
610,Mandy,MQuharg,mmquharggx@yahoo.co.jp,Female,650-718-7556,Uzbekistan,07/13/1988
611,Jilleen,Medway,jmedwaygy@yahoo.com,Female,133-198-4890,Sweden,09/12/1975
612,Karoly,Horsey,khorseygz@sbwire.com,Male,854-572-7021,Philippines,12/27/2001
613,Tye,Downgate,tdowngateh0@wunderground.com,Bigender,477-269-0094,Russia,05/14/1999
614,Inesita,Marven,imarvenh1@miibeian.gov.cn,Female,632-444-9249,France,02/22/1970
615,Elie,Surgen,esurgenh2@alexa.com,Female,304-680-7315,South Africa,02/03/1991
616,Neile,Howieson,nhowiesonh3@123-reg.co.uk,Female,879-344-8900,China,03/20/1985
617,Patrizia,Branni,pbrannih4@csmonitor.com,Female,545-191-6099,France,10/27/1986
618,Guinna,Arrigo,garrigoh5@dell.com,Female,161-762-9721,Colombia,06/22/1991
619,Pablo,Cosslett,pcossletth6@washingtonpost.com,Male,868-757-2287,Indonesia,05/12/1974
620,Darby,Sheahan,dsheahanh7@360.cn,Female,818-383-6902,Ukraine,06/25/1981
621,Mitchel,Shropsheir,mshropsheirh8@sfgate.com,Male,394-302-4312,Iran,11/16/1979
622,Leia,Paffley,lpaffleyh9@msn.com,Genderfluid,461-776-2935,Benin,05/30/1971
623,Kevon,Tanfield,ktanfieldha@issuu.com,Male,911-574-9651,China,12/12/1979
624,Jacky,Greengrass,jgreengrasshb@nyu.edu,Female,220-745-2738,Greece,12/23/1976
625,Welsh,Griswood,wgriswoodhc@google.com,Male,541-370-5257,China,12/22/1985
626,Haslett,Birley,hbirleyhd@meetup.com,Male,844-289-4313,China,04/13/1990
627,Josiah,McFadin,jmcfadinhe@360.cn,Male,975-298-2754,China,09/15/1982
628,Dante,Aldrin,daldrinhf@4shared.com,Genderfluid,589-194-0182,Indonesia,01/19/1976
629,Cloris,Orr,corrhg@cnet.com,Female,129-855-3748,Indonesia,01/14/1980
630,Charmaine,Ezzle,cezzlehh@paginegialle.it,Female,909-688-7604,Colombia,10/15/1970
631,Wallis,Fayne,wfaynehi@github.io,Female,614-650-1400,Philippines,09/01/1981
632,Lebbie,Bulmer,lbulmerhj@soundcloud.com,Female,468-625-5995,Peru,02/18/1997
633,Tad,Cortes,tcorteshk@devhub.com,Male,181-376-7482,Indonesia,08/17/1991
634,Anthia,Speaks,aspeakshl@wikia.com,Female,858-505-7651,France,01/30/1966
635,Dasya,Czajkowska,dczajkowskahm@jigsy.com,Bigender,828-439-8620,Iraq,02/03/1978
636,Sergio,Heather,sheatherhn@google.ru,Non-binary,807-453-8317,Indonesia,11/29/1997
637,Hadley,Eberlein,heberleinho@bigcartel.com,Male,588-500-1757,Portugal,08/02/1982
638,Donielle,Linnit,dlinnithp@sina.com.cn,Female,902-552-7712,Colombia,01/16/1971
639,Moses,Flement,mflementhq@homestead.com,Male,292-862-3069,Peru,02/06/1976
640,Shep,Goodredge,sgoodredgehr@technorati.com,Male,471-352-4275,Greece,09/22/2001
641,Gale,Eager,geagerhs@goodreads.com,Male,946-301-7806,China,05/20/1981
642,Edvard,Ickovic,eickovicht@abc.net.au,Male,258-457-4443,Indonesia,02/21/2002
643,Salem,Jacson,sjacsonhu@wp.com,Male,622-743-6204,Portugal,11/17/1961
644,Brina,Scrowton,bscrowtonhv@pbs.org,Female,193-178-3562,Estonia,02/13/1977
645,Carlo,Wadsworth,cwadsworthhw@sbwire.com,Male,962-299-5983,France,08/05/1986
646,Happy,Newlove,hnewlovehx@usatoday.com,Bigender,443-174-3428,Colombia,01/15/1983
647,Bryon,McEnery,bmceneryhy@facebook.com,Male,940-534-6638,China,08/24/1979
648,Rollins,Steels,rsteelshz@spiegel.de,Genderqueer,851-414-6649,China,03/26/1997
649,Julietta,Drewson,jdrewsoni0@cdbaby.com,Female,686-314-6165,Philippines,10/29/1970
650,Mureil,Saffrin,msaffrini1@yellowbook.com,Female,121-308-9571,Poland,09/15/1990
651,Rana,Jenkin,rjenkini2@weather.com,Female,825-612-9174,Belarus,12/25/1998
652,Roseline,Ginni,rginnii3@mayoclinic.com,Polygender,380-741-6754,United Kingdom,01/27/1978
653,Cirstoforo,Delcastel,cdelcasteli4@dyndns.org,Male,984-158-9889,Brazil,01/10/1973
654,Fionna,Pauley,fpauleyi5@netvibes.com,Female,799-434-7170,Russia,11/09/1991
655,Grace,Sinyard,gsinyardi6@stanford.edu,Male,841-677-5043,Indonesia,03/21/2004
656,Frederico,Dahmel,fdahmeli7@foxnews.com,Male,153-710-2120,Cuba,06/17/1967
657,Daniel,Fenty,dfentyi8@behance.net,Male,961-529-4254,Russia,06/11/1976
658,Rudy,Blunsum,rblunsumi9@flavors.me,Male,142-895-0211,Czech Republic,07/06/1976
659,Shaylyn,Purchase,spurchaseia@cnet.com,Female,865-466-5876,Sweden,04/17/1980
660,Ariel,McLernon,amclernonib@apple.com,Male,587-890-2245,Ukraine,10/28/2003
661,Karine,Rishworth,krishworthic@g.co,Female,335-686-0812,Russia,07/30/2000
662,Manya,Jandera,mjanderaid@intel.com,Female,365-116-1829,Russia,05/25/1987
663,Pamelina,Gomme,pgommeie@elegantthemes.com,Female,426-272-3933,China,07/03/1981
664,Gwenny,Gallienne,ggallienneif@craigslist.org,Female,709-251-6851,Netherlands,11/09/1992
665,Melly,Careless,mcarelessig@lulu.com,Female,728-610-6030,France,08/23/1960
666,Annelise,Wolpert,awolpertih@wordpress.com,Female,220-902-9964,Yemen,03/25/1977
667,Mitch,Clark,mclarkii@dyndns.org,Male,766-285-6060,Indonesia,07/04/1968
668,Brodie,Bhar,bbharij@yandex.ru,Male,503-650-9018,Egypt,11/12/1972
669,Petra,Baudasso,pbaudassoik@sciencedaily.com,Female,510-864-0036,Bangladesh,02/08/1995
670,Latrina,Cass,lcassil@ucoz.com,Female,598-360-8927,El Salvador,02/04/1963
671,Carola,Ianilli,cianilliim@paginegialle.it,Female,276-840-3801,China,12/27/2000
672,Kingsly,Tacker,ktackerin@toplist.cz,Male,831-918-8382,Nigeria,07/16/2001
673,Michaeline,Bullion,mbullionio@topsy.com,Female,546-257-9314,Philippines,10/16/1976
674,Lin,Robrose,lrobroseip@usatoday.com,Female,440-643-5208,Nigeria,08/09/1965
675,Floyd,Shenfisch,fshenfischiq@nhs.uk,Male,556-177-9462,Brazil,12/02/1985
676,Barnie,Fisbey,bfisbeyir@virginia.edu,Male,584-979-9994,Philippines,04/24/1974
677,Rosalynd,Raitt,rraittis@friendfeed.com,Female,616-794-4900,Portugal,12/22/1987
678,Dorthy,Corns,dcornsit@accuweather.com,Female,651-821-8253,China,10/12/1972
679,Chantalle,Aust,caustiu@chronoengine.com,Female,586-195-4483,China,02/21/1985
680,Belia,Fitchen,bfitcheniv@nasa.gov,Genderfluid,692-436-6023,Czech Republic,10/07/1985
681,Loren,Stimpson,lstimpsoniw@unblog.fr,Male,144-168-4604,China,03/30/1971
682,Leonore,Ableson,lablesonix@github.io,Female,594-400-3969,China,01/20/1968
683,Reggy,Liverock,rliverockiy@blogs.com,Male,816-859-5929,Russia,07/15/1998
684,Derrick,Grogona,dgrogonaiz@csmonitor.com,Male,115-198-0927,Indonesia,04/12/1969
685,Quintin,OSullivan,qosullivanj0@amazon.com,Male,883-435-2182,Senegal,04/17/1995
686,Denny,Caudray,dcaudrayj1@photobucket.com,Female,293-156-9561,Denmark,01/09/1967
687,Linoel,Fredson,lfredsonj2@google.de,Polygender,120-354-9764,China,09/04/1984
688,Korrie,Jans,kjansj3@slideshare.net,Female,839-735-3363,Indonesia,10/21/1961
689,Allina,Cohane,acohanej4@odnoklassniki.ru,Genderqueer,273-279-3677,Latvia,04/16/2002
690,Bliss,Middleweek,bmiddleweekj5@tamu.edu,Agender,454-256-1038,Mongolia,02/04/1993
691,Sherri,Yarrow,syarrowj6@upenn.edu,Female,231-418-6522,Canada,10/03/2003
692,Wini,Thomton,wthomtonj7@prlog.org,Female,283-799-7331,Iran,08/27/1968
693,Frayda,Knoble,fknoblej8@webs.com,Female,362-785-8144,Colombia,01/21/2000
694,Genevra,Flieger,gfliegerj9@altervista.org,Female,661-701-7403,Russia,04/27/1962
695,Dareen,Sherry,dsherryja@hp.com,Female,796-157-7738,Indonesia,08/20/1969
696,Tybalt,Polino,tpolinojb@bing.com,Genderfluid,209-245-8312,Sweden,08/08/1967
697,Bobbie,McDavitt,bmcdavittjc@surveymonkey.com,Male,233-937-8366,Indonesia,03/07/1981
698,Mufi,Smedley,msmedleyjd@livejournal.com,Female,582-166-6930,Greece,12/28/2000
699,Estele,Freak,efreakje@forbes.com,Genderfluid,848-872-3947,Aland Islands,02/11/1971
700,Pen,Leverson,pleversonjf@about.com,Female,815-895-7523,Poland,08/21/1987
701,Brent,Shewan,bshewanjg@edublogs.org,Male,806-186-9898,Ukraine,11/22/1968
702,Claudelle,Ebbins,cebbinsjh@youtube.com,Female,103-594-2702,Brazil,08/11/1978
703,Ninnetta,Belward,nbelwardji@devhub.com,Female,948-228-8930,Russia,11/17/1996
704,Irwinn,Walicki,iwalickijj@yelp.com,Male,337-152-0051,China,11/27/1988
705,Vin,Larcier,vlarcierjk@hexun.com,Male,784-239-5368,Kazakhstan,10/02/1996
706,Hadley,Berndtssen,hberndtssenjl@dailymotion.com,Male,542-442-2145,Albania,07/28/1987
707,Berty,Martinson,bmartinsonjm@fastcompany.com,Agender,197-815-0928,France,03/21/1965
708,Margaretha,Watkinson,mwatkinsonjn@canalblog.com,Female,648-945-1938,Azerbaijan,01/15/2005
709,Bartel,Gulland,bgullandjo@1und1.de,Male,173-641-0747,Portugal,05/17/1994
710,Caron,Mc Dermid,cmcdermidjp@chron.com,Female,698-919-4734,Ethiopia,07/29/1999
711,Javier,Jedrzejewski,jjedrzejewskijq@microsoft.com,Genderfluid,300-753-8245,Cuba,11/03/1965
712,Gretta,Beelby,gbeelbyjr@house.gov,Bigender,964-447-2736,China,08/21/1980
713,Bogart,Alven,balvenjs@bizjournals.com,Male,846-958-8060,Brazil,06/28/1996
714,Conny,Libermore,clibermorejt@bbb.org,Male,521-139-1424,Serbia,11/22/1986
715,Lilla,Evans,levansju@mapy.cz,Female,729-689-8605,Sri Lanka,07/25/1995
716,Giraldo,Trimby,gtrimbyjv@nsw.gov.au,Male,693-869-9756,Mexico,12/20/1984
717,Cortie,Haggish,chaggishjw@ft.com,Male,107-888-0558,France,11/21/1967
718,Durant,Lambourn,dlambournjx@ebay.co.uk,Bigender,153-149-7582,Philippines,04/09/1975
719,Ryley,McGorley,rmcgorleyjy@jalbum.net,Male,601-887-6692,Indonesia,12/21/1973
720,Rourke,Gillan,rgillanjz@hud.gov,Male,338-376-4011,Indonesia,04/30/1967
721,Teirtza,Plows,tplowsk0@uol.com.br,Female,276-983-5558,Mozambique,12/20/1981
722,Cacilie,Dominique,cdominiquek1@fc2.com,Female,431-915-7659,Cuba,07/04/1996
723,Gibb,Oldroyde,goldroydek2@google.de,Male,486-421-8739,Belarus,08/08/1983
724,Willette,Guillem,wguillemk3@1und1.de,Female,232-993-4815,Russia,09/08/1965
725,Noelyn,Tinkler,ntinklerk4@desdev.cn,Female,500-587-8843,Philippines,08/08/1964
726,Maurie,Doodney,mdoodneyk5@abc.net.au,Male,239-586-8401,Russia,07/11/1974
727,Palm,Dawton,pdawtonk6@squidoo.com,Male,571-651-2405,Luxembourg,08/25/1985
728,Brigit,Adlington,badlingtonk7@barnesandnoble.com,Female,427-452-2767,Hungary,09/04/1986
729,Madeleine,Primarolo,mprimarolok8@archive.org,Female,595-111-1857,Japan,12/19/1963
730,Goldie,Fairn,gfairnk9@youtube.com,Female,813-186-8180,Mexico,10/02/1969
731,Hogan,Cawkill,hcawkillka@nih.gov,Male,727-447-8626,China,02/21/1987
732,Nikolaus,Jeays,njeayskb@amazon.de,Male,144-793-4056,China,01/19/1996
733,Steward,Beuscher,sbeuscherkc@networkadvertising.org,Male,722-786-6110,China,05/19/1971
734,Even,Cromly,ecromlykd@prnewswire.com,Male,349-245-8776,Poland,02/03/1996
735,Susanne,Clyburn,sclyburnke@imdb.com,Female,197-733-8133,Albania,08/30/2002
736,Jordanna,Grazier,jgrazierkf@alexa.com,Female,979-940-3567,China,01/02/1977
737,Judah,Jerschke,jjerschkekg@blogs.com,Male,136-689-8196,Brazil,01/31/1994
738,Karlee,De Ambrosis,kdeambrosiskh@cnet.com,Female,350-715-2695,Brazil,11/23/1971
739,Dyan,Lammerding,dlammerdingki@bbb.org,Female,501-423-9323,China,12/07/1971
740,Ritchie,Eudall,reudallkj@altervista.org,Male,866-160-9134,China,03/16/1988
741,Constancia,Jery,cjerykk@unblog.fr,Female,508-538-5244,China,12/15/1975
742,Netty,Groneway,ngronewaykl@phoca.cz,Female,491-476-2466,Colombia,08/21/1975
743,Deena,Bayston,dbaystonkm@com.com,Female,364-303-4322,Indonesia,04/23/1982
744,Billie,Stockey,bstockeykn@salon.com,Genderqueer,475-842-8480,China,03/09/1985
745,Emmalee,Edgin,eedginko@google.pl,Female,154-216-1398,Poland,01/14/1964
746,Colin,Howgego,chowgegokp@goodreads.com,Male,510-574-4929,Peru,08/22/1970
747,Gerhardt,Rizzolo,grizzolokq@deviantart.com,Non-binary,606-248-5189,Guatemala,04/22/1997
748,Byron,Questier,bquestierkr@senate.gov,Male,202-478-3924,Egypt,05/25/1996
749,Lorant,Chillingsworth,lchillingsworthks@histats.com,Bigender,267-875-1386,Ivory Coast,05/10/1979
750,Bartolemo,Schrei,bschreikt@businesswire.com,Male,733-598-8181,Jordan,01/22/1992
751,Janela,Grimmolby,jgrimmolbyku@discuz.net,Female,574-310-7400,France,05/28/2003
752,Towny,Bleas,tbleaskv@cam.ac.uk,Male,893-294-9658,Ireland,06/10/2003
753,Phillida,Essberger,pessbergerkw@hc360.com,Female,740-752-4398,Portugal,07/08/1971
754,Bondon,Lestrange,blestrangekx@drupal.org,Polygender,297-933-7597,Indonesia,08/31/1994
755,Rayshell,Tyght,rtyghtky@uol.com.br,Female,627-894-6362,Indonesia,02/27/1999
756,Wally,Chatterton,wchattertonkz@slideshare.net,Male,703-106-3983,Poland,05/10/1993
757,Darnell,Atter,datterl0@shop-pro.jp,Male,785-960-2954,China,09/25/1996
758,Dona,deKnevet,ddeknevetl1@pbs.org,Female,617-452-9034,Russia,04/16/1961
759,Woodman,Gleave,wgleavel2@istockphoto.com,Male,334-293-6345,Myanmar,12/03/1994
760,Dorian,Penson,dpensonl3@nasa.gov,Male,488-868-8626,Indonesia,09/25/1960
761,Cristionna,Mangenot,cmangenotl4@hatena.ne.jp,Agender,517-699-8007,Japan,03/29/1970
762,Christophorus,McGrale,cmcgralel5@desdev.cn,Male,857-868-9757,Brazil,11/27/1971
763,Marcia,Decourcy,mdecourcyl6@mozilla.com,Female,167-778-7737,Norway,02/26/2000
764,Issiah,Ornils,iornilsl7@biglobe.ne.jp,Male,218-332-2078,Russia,05/08/1984
765,Garold,Maric,gmaricl8@globo.com,Bigender,729-415-3400,Panama,07/21/1995
766,Shoshana,Lody,slodyl9@wunderground.com,Female,978-148-2875,Barbados,01/23/1988
767,Steffie,Longo,slongola@jugem.jp,Female,307-614-1464,Sweden,04/28/1980
768,Janaye,Subhan,jsubhanlb@gmpg.org,Female,127-607-0954,Indonesia,07/22/2000
769,Alva,Peart,apeartlc@berkeley.edu,Male,569-292-6001,Greece,08/21/2002
770,Selestina,Dumper,sdumperld@ucoz.ru,Female,199-226-6128,Mexico,08/26/1982
771,Sanson,Melrose,smelrosele@discuz.net,Male,651-662-6593,United States,01/19/1991
772,Joletta,Matthews,jmatthewslf@un.org,Female,262-948-7559,Malaysia,06/25/1987
773,Huntlee,Karlsen,hkarlsenlg@youtu.be,Male,709-229-4369,Indonesia,11/19/1967
774,Patty,OConnolly,poconnollylh@scribd.com,Female,640-977-6684,China,10/15/1976
775,Quill,Huddleston,qhuddlestonli@plala.or.jp,Male,785-871-1499,Brazil,06/25/1998
776,Karmen,Nestoruk,knestoruklj@archive.org,Female,524-727-1382,Syria,12/06/1972
777,Free,De Gogay,fdegogaylk@weibo.com,Male,364-120-1096,Jamaica,01/25/1998
778,Jacques,Ching,jchingll@bravesites.com,Male,396-683-0966,Indonesia,06/29/1977
779,Lisette,Trime,ltrimelm@cargocollective.com,Female,726-760-7261,China,01/07/1969
780,Marcelo,Branthwaite,mbranthwaiteln@stanford.edu,Male,681-762-9819,Brazil,05/02/1991
781,Humphrey,Bilsborrow,hbilsborrowlo@t-online.de,Male,387-669-6902,Bhutan,02/02/1969
782,Josefa,Burkman,jburkmanlp@independent.co.uk,Female,261-548-0465,Jamaica,05/09/1996
783,Bruis,Averay,baveraylq@home.pl,Male,687-618-0524,Poland,10/30/1962
784,Siegfried,Ygo,sygolr@accuweather.com,Polygender,128-644-1163,Libya,11/17/1999
785,Rosetta,Dolan,rdolanls@usgs.gov,Female,627-963-6319,Sweden,07/25/1960
786,Bertina,McKniely,bmcknielylt@skyrock.com,Agender,860-996-4988,Czech Republic,02/12/1962
787,Winny,Buttress,wbuttresslu@issuu.com,Genderfluid,328-150-1414,China,08/24/1981
788,Norris,Scammonden,nscammondenlv@adobe.com,Male,322-466-7557,China,03/13/1983
789,Colin,Zannotelli,czannotellilw@blinklist.com,Male,432-166-6918,China,03/07/1977
790,Quincey,Coward,qcowardlx@baidu.com,Male,355-570-8693,Montenegro,07/08/1974
791,Jamey,Feasey,jfeaseyly@istockphoto.com,Male,143-112-3411,Mexico,11/17/1964
792,Delainey,Creany,dcreanylz@trellian.com,Male,845-732-0510,Poland,01/17/1997
793,Marianne,Willmer,mwillmerm0@apache.org,Female,875-409-2869,China,03/31/1983
794,Mikkel,Kunkler,mkunklerm1@icio.us,Male,892-960-6022,Indonesia,04/03/1969
795,Mandi,Duligal,mduligalm2@weibo.com,Female,268-240-2512,Indonesia,07/27/1961
796,Anthe,Coysh,acoyshm3@forbes.com,Female,321-917-3150,Philippines,12/12/1963
797,Byrann,Hake,bhakem4@amazon.co.jp,Genderqueer,537-196-6955,Indonesia,10/06/1974
798,Micheal,Stuckes,mstuckesm5@mozilla.org,Male,243-265-6043,Indonesia,05/18/1967
799,Lennie,Rosenbarg,lrosenbargm6@loc.gov,Male,821-124-5466,Kyrgyzstan,05/11/1995
800,Paule,Pimme,ppimmem7@edublogs.org,Female,245-480-6662,Mauritius,11/04/1962
801,Jany,Gwin,jgwinm8@vimeo.com,Female,269-297-6747,Greece,12/01/1984
802,Aurora,Margeram,amargeramm9@disqus.com,Female,339-310-8735,Serbia,12/16/1975
803,Granthem,Burkert,gburkertma@java.com,Male,351-423-5851,China,06/12/1960
804,Lynett,Buckby,lbuckbymb@ustream.tv,Female,186-235-6706,South Africa,02/15/1987
805,Aloin,Rowth,arowthmc@jugem.jp,Male,859-697-9122,Brazil,05/27/1971
806,Robinet,Rudman,rrudmanmd@wired.com,Female,420-134-6657,Brazil,11/02/1993
807,Harlie,Nerney,hnerneyme@opera.com,Female,435-626-7834,Ethiopia,05/12/1964
808,Parnell,Bilbey,pbilbeymf@hugedomains.com,Male,345-807-1651,Poland,05/18/1961
809,Rosalinde,Glisenan,rglisenanmg@blogger.com,Female,897-100-4821,Papua New Guinea,10/27/1996
810,Gabriela,Deerr,gdeerrmh@zdnet.com,Female,355-293-7201,Papua New Guinea,07/06/1990
811,Tawnya,Khomishin,tkhomishinmi@ftc.gov,Female,923-426-1875,Iran,08/31/1990
812,Bartholomeo,Antoniades,bantoniadesmj@opera.com,Male,615-125-9622,Malaysia,11/06/1978
813,Rochester,Putnam,rputnammk@fotki.com,Male,794-400-5354,Indonesia,03/17/1980
814,Jerad,Buffery,jbufferyml@symantec.com,Male,941-948-1964,Kenya,04/20/1999
815,Brooke,Bursell,bbursellmm@nymag.com,Female,901-489-5193,Slovenia,03/23/1987
816,Baryram,Sterricker,bsterrickermn@bravesites.com,Male,220-425-7784,China,11/06/1972
817,Evvy,Leisman,eleismanmo@businessinsider.com,Female,119-724-7520,Brazil,02/28/1968
818,Leah,Cotterrill,lcotterrillmp@mit.edu,Female,417-356-8368,Indonesia,12/19/1960
819,Delmer,Jacobi,djacobimq@jiathis.com,Male,665-656-7227,Guadeloupe,06/13/1994
820,Maurise,Hearns,mhearnsmr@bbc.co.uk,Female,156-100-8814,Indonesia,06/20/1970
821,Tybie,Dinsdale,tdinsdalems@skyrock.com,Female,862-385-4106,Portugal,03/22/1994
822,Chris,Merwe,cmerwemt@elpais.com,Male,838-711-7347,China,09/28/1981
823,Reider,Colliss,rcollissmu@comcast.net,Male,427-761-0665,Indonesia,07/31/1996
824,Portia,Edel,pedelmv@google.ca,Female,390-561-1789,Republic of the Congo,10/21/1969
825,Garek,Twopenny,gtwopennymw@ow.ly,Male,271-136-5499,Russia,02/21/2004
826,Merilee,Valadez,mvaladezmx@va.gov,Female,511-562-6332,Iran,01/26/1977
827,Marji,Huskisson,mhuskissonmy@jugem.jp,Female,639-441-0825,China,12/28/1975
828,Annabela,Philson,aphilsonmz@fastcompany.com,Female,268-262-0797,China,10/31/1961
829,Pace,Casely,pcaselyn0@edublogs.org,Male,645-563-2217,Peru,10/10/1965
830,Hanny,Prahm,hprahmn1@usnews.com,Female,404-709-1002,Guatemala,06/14/1974
831,Eden,Sewill,esewilln2@webeden.co.uk,Female,347-738-4462,Afghanistan,08/01/1972
832,Erskine,Killough,ekilloughn3@nasa.gov,Male,343-159-8515,Bosnia and Herzegovina,03/08/1986
833,Huntlee,Myhill,hmyhilln4@cmu.edu,Agender,725-625-0944,Philippines,04/27/2001
834,Melisenda,Nare,mnaren5@gnu.org,Female,782-471-6320,French Polynesia,10/09/1994
835,Donall,Drew,ddrewn6@naver.com,Male,451-656-4183,Panama,09/20/1998
836,Cleve,Beddoe,cbeddoen7@seesaa.net,Male,967-151-8048,Philippines,04/13/1996
837,Norri,Ritmeier,nritmeiern8@cdbaby.com,Female,132-699-6349,Ukraine,04/10/2005
838,Stefan,Stennes,sstennesn9@tripadvisor.com,Male,835-784-2896,Philippines,04/11/1981
839,Forster,Limer,flimerna@dmoz.org,Male,241-867-1066,Martinique,01/07/1980
840,Franky,Winram,fwinramnb@mediafire.com,Female,927-374-5395,Albania,03/06/2003
841,Lemuel,Gilhespy,lgilhespync@naver.com,Male,676-923-1040,China,07/08/1998
842,Nevins,Fullerd,nfullerdnd@noaa.gov,Male,845-637-3885,Czech Republic,10/03/1985
843,Abbe,Dennant,adennantne@gnu.org,Male,866-166-0477,Luxembourg,10/03/1992
844,Dominica,von Grollmann,dvongrollmannnf@accuweather.com,Female,395-223-4500,China,06/03/1962
845,Aldon,Giacomazzo,agiacomazzong@gravatar.com,Male,392-390-0036,Argentina,03/23/2005
846,Baxy,Storrier,bstorriernh@clickbank.net,Genderfluid,680-454-1749,Indonesia,03/10/2002
847,Ashlie,Magnay,amagnayni@de.vu,Female,280-982-1847,Netherlands,02/26/1975
848,Shayla,Turney,sturneynj@weather.com,Female,340-661-8826,China,01/23/1976
849,Wyn,MacCome,wmaccomenk@squarespace.com,Male,271-888-2321,Indonesia,10/07/1979
850,Danella,Skellen,dskellennl@skyrock.com,Genderfluid,894-417-3960,China,07/11/1972
851,Dayle,Livett,dlivettnm@yolasite.com,Female,410-159-2507,Poland,09/10/1971
852,Guillaume,Terlinden,gterlindennn@sfgate.com,Male,598-981-2688,Azerbaijan,11/26/1992
853,Dalila,Cianni,dciannino@bigcartel.com,Female,745-628-4373,Nigeria,04/16/1992
854,Sayre,Adamsky,sadamskynp@usatoday.com,Male,677-628-3479,Indonesia,03/03/1990
855,Elbertine,Curnow,ecurnownq@rambler.ru,Female,123-885-1960,Poland,01/14/1977
856,Goober,OHenecan,gohenecannr@youtu.be,Male,720-888-7664,Burkina Faso,09/12/1977
857,Alfreda,Balston,abalstonns@wunderground.com,Genderfluid,779-622-5220,China,12/14/1976
858,Rochella,Carcass,rcarcassnt@fastcompany.com,Female,401-637-0254,Slovenia,06/25/1983
859,Jobyna,Joesbury,jjoesburynu@phpbb.com,Female,703-956-1260,Greece,09/14/1990
860,Catrina,Farmloe,cfarmloenv@gov.uk,Female,271-709-7826,Indonesia,11/08/1972
861,Benedict,Turneux,bturneuxnw@gmpg.org,Male,794-384-8008,Ethiopia,10/18/1989
862,Mina,Baggot,mbaggotnx@studiopress.com,Agender,203-270-1860,China,05/07/2003
863,Rorke,Nowell,rnowellny@edublogs.org,Male,612-319-8931,Brazil,10/20/2003
864,Lida,Tenbrug,ltenbrugnz@edublogs.org,Female,966-353-6977,Philippines,07/25/1977
865,Bucky,Wickie,bwickieo0@t-online.de,Male,664-804-8798,China,09/12/1968
866,Jase,Grierson,jgriersono1@canalblog.com,Agender,725-922-4953,Belarus,12/14/1966
867,Loralyn,Birdwhistell,lbirdwhistello2@diigo.com,Female,338-575-2586,Colombia,07/08/1971
868,Rolph,Withringten,rwithringteno3@google.com.hk,Male,116-311-2295,Russia,10/18/1987
869,Morry,Hinstock,mhinstocko4@scientificamerican.com,Male,911-783-9425,Bulgaria,12/25/1996
870,Kimball,Melville,kmelvilleo5@bizjournals.com,Male,910-993-9959,Greece,10/18/1979
871,Brandais,Tinston,btinstono6@stumbleupon.com,Female,176-694-8493,Indonesia,07/28/2002
872,Amabel,Mangenet,amangeneto7@latimes.com,Female,255-270-1410,Bulgaria,09/06/1998
873,Benn,Zapatero,bzapateroo8@europa.eu,Male,406-243-4181,Angola,02/16/1967
874,Darell,Kleinzweig,dkleinzweigo9@apache.org,Non-binary,609-820-3703,China,07/05/1984
875,Basia,Kellegher,bkellegheroa@biblegateway.com,Female,163-301-0163,Czech Republic,02/05/1978
876,Addia,Lunck,alunckob@g.co,Female,870-541-1464,France,05/21/1996
877,Babbie,Grisenthwaite,bgrisenthwaiteoc@ed.gov,Female,977-587-2556,Poland,12/16/1974
878,Ignace,Tudgay,itudgayod@jalbum.net,Male,561-743-5934,Indonesia,10/15/1978
879,Agustin,Stood,astoodoe@vimeo.com,Male,317-534-4342,Russia,08/28/1998
880,Sansone,Hearnden,shearndenof@ihg.com,Male,382-591-1071,Indonesia,06/17/1982
881,Durward,Trussler,dtrusslerog@mapy.cz,Male,136-727-8195,China,03/13/1994
882,Ivar,Enevold,ienevoldoh@prweb.com,Male,965-315-2223,Argentina,11/18/1970
883,Kent,Aizic,kaizicoi@deliciousdays.com,Genderqueer,453-105-3247,Greece,02/19/1972
884,Hillary,Minors,hminorsoj@va.gov,Polygender,356-617-8606,Philippines,02/19/2001
885,Parke,Boatright,pboatrightok@domainmarket.com,Male,795-330-1417,Honduras,02/24/1978
886,Adara,Kiddell,akiddellol@wordpress.org,Female,719-112-5329,Ukraine,07/16/1986
887,Carolyn,Wandrey,cwandreyom@google.com.hk,Female,244-902-9974,Indonesia,01/14/2001
888,Gene,Nottle,gnottleon@washingtonpost.com,Male,198-864-7420,Czech Republic,09/09/1972
889,Jacquelynn,West,jwestoo@walmart.com,Genderfluid,678-384-8560,Burkina Faso,04/11/1977
890,Jarrid,Sommerled,jsommerledop@lulu.com,Male,602-544-6637,United States,01/08/2005
891,Alyssa,Edgeson,aedgesonoq@hibu.com,Female,362-385-1154,Indonesia,04/07/1975
892,Zedekiah,Thewles,zthewlesor@opera.com,Male,935-579-4366,Vietnam,04/25/1967
893,Nolan,Pinck,npinckos@simplemachines.org,Male,446-758-2344,China,07/24/1987
894,Gertruda,MacSporran,gmacsporranot@hubpages.com,Female,947-733-8073,Philippines,03/04/1996
895,Cordy,Lerohan,clerohanou@smh.com.au,Male,910-109-0907,China,07/02/1969
896,Allyn,Weightman,aweightmanov@hatena.ne.jp,Male,422-178-1569,China,03/04/1977
897,Sybil,Goor,sgoorow@nifty.com,Female,411-178-5626,Japan,05/18/1972
898,Angie,Attewell,aattewellox@imdb.com,Female,579-749-8772,Norway,12/26/1994
899,Bram,Eles,belesoy@unesco.org,Non-binary,608-113-9009,China,09/06/1979
900,Codee,Langlois,clangloisoz@lulu.com,Female,911-789-5555,Finland,06/15/1970
901,Donny,Newsham,dnewshamp0@microsoft.com,Agender,586-120-2687,Belarus,04/21/1981
902,Willard,Jirusek,wjirusekp1@blinklist.com,Male,866-751-8009,Poland,09/01/1985
903,Craggie,Scrooby,cscroobyp2@redcross.org,Male,442-970-8748,Brazil,04/26/1990
904,Darrick,Genery,dgeneryp3@nsw.gov.au,Male,449-300-3828,Nigeria,02/14/1994
905,Willdon,Duester,wduesterp4@cdbaby.com,Male,467-792-2283,Argentina,12/19/1993
906,Chrotoem,Oliva,colivap5@tripod.com,Male,217-694-1026,China,05/28/1974
907,Mitchel,Perse,mpersep6@adobe.com,Male,816-383-2913,Russia,02/22/1993
908,Bernardo,Canizares,bcanizaresp7@howstuffworks.com,Male,690-488-5061,China,06/01/1975
909,Danyelle,Volks,dvolksp8@cam.ac.uk,Female,473-963-2925,Russia,03/09/1979
910,Fionna,De Beneditti,fdebenedittip9@youtu.be,Female,195-644-2548,Philippines,02/07/1985
911,Keane,Yansons,kyansonspa@foxnews.com,Male,198-925-2803,Portugal,09/25/2004
912,Ario,Olivo,aolivopb@gnu.org,Male,851-102-1593,Philippines,09/21/1991
913,Deloris,Ucchino,ducchinopc@soup.io,Female,140-718-6359,Peru,08/19/1985
914,Shellie,Marmon,smarmonpd@macromedia.com,Female,405-679-4724,Armenia,08/17/1988
915,Ephrem,Ocklin,eocklinpe@uiuc.edu,Male,653-672-6403,China,12/13/1978
916,Gayle,Leversha,glevershapf@examiner.com,Female,861-798-1363,China,11/24/1961
917,Patrice,Eglin,peglinpg@myspace.com,Male,813-810-3231,Nigeria,01/17/1961
918,Tim,Insworth,tinsworthph@tuttocitta.it,Male,875-320-7687,Chile,06/21/1963
919,Christalle,Laffin,claffinpi@craigslist.org,Female,434-530-8581,China,11/26/1976
920,Philip,Beere,pbeerepj@vkontakte.ru,Male,264-327-2244,Syria,02/04/1981
921,Dev,Vedyashkin,dvedyashkinpk@paginegialle.it,Male,710-891-3465,China,05/26/2003
922,Basile,Folger,bfolgerpl@google.nl,Bigender,403-381-7633,Mexico,01/26/1999
923,Jule,Juschke,jjuschkepm@cbslocal.com,Genderqueer,128-827-7504,Brazil,07/06/1982
924,Andrea,Conichie,aconichiepn@nih.gov,Male,451-661-6149,Indonesia,06/22/2000
925,Corrine,Grimsdike,cgrimsdikepo@imageshack.us,Female,690-313-7897,Finland,09/08/1979
926,Ardelle,Willbraham,awillbrahampp@theglobeandmail.com,Female,267-271-5418,Sweden,09/01/1978
927,Cissy,Dutchburn,cdutchburnpq@berkeley.edu,Female,196-470-2802,Brazil,08/17/1987
928,Traci,Gyver,tgyverpr@cam.ac.uk,Polygender,609-243-2139,France,10/26/1986
929,Garnet,Noriega,gnoriegaps@businessweek.com,Female,654-892-9734,Portugal,07/17/1963
930,Brittney,Schooley,bschooleypt@google.it,Female,119-728-8787,South Africa,06/20/1980
931,Emmy,Hallward,ehallwardpu@phpbb.com,Female,341-382-5977,Peru,12/18/1969
932,Rafi,Maxwaile,rmaxwailepv@sciencedaily.com,Male,978-423-6584,France,04/20/2004
933,Fonz,Merle,fmerlepw@51.la,Male,698-237-3221,Albania,03/18/1979
934,Eberhard,Sirett,esirettpx@sogou.com,Male,776-588-1594,Macedonia,02/20/1975
935,Ashby,Popley,apopleypy@php.net,Male,931-503-9981,Portugal,10/27/1982
936,Flore,Veryard,fveryardpz@soup.io,Female,717-703-1696,Russia,03/20/1982
937,Finlay,Cherrett,fcherrettq0@google.com.br,Male,493-299-5144,China,05/09/1985
938,Jannelle,Bowne,jbowneq1@biblegateway.com,Female,343-851-2655,Indonesia,05/30/1983
939,Henka,Playden,hplaydenq2@mapy.cz,Female,220-721-4602,Poland,07/07/1982
940,Tootsie,Gribben,tgribbenq3@list-manage.com,Female,702-793-6106,Canada,06/25/1999
941,Mariquilla,Geal,mgealq4@mail.ru,Female,632-542-4165,China,01/13/1989
942,Luca,Luparto,llupartoq5@cnbc.com,Male,750-218-2416,China,03/19/1972
943,Dannie,Gherarducci,dgherarducciq6@psu.edu,Female,336-616-5088,Portugal,05/19/1999
944,Rory,Isenor,risenorq7@theatlantic.com,Female,393-585-1489,Portugal,01/14/1974
945,Joellyn,Aked,jakedq8@gmpg.org,Female,157-911-4527,South Africa,06/22/1990
946,Veronica,Burker,vburkerq9@bravesites.com,Female,763-333-3729,Philippines,07/19/1982
947,Brittaney,Worwood,bworwoodqa@nationalgeographic.com,Female,780-829-9974,Colombia,09/24/1988
948,Clemente,Stokell,cstokellqb@usatoday.com,Male,406-394-2471,Iran,02/04/1975
949,Dirk,Ilyuchyov,dilyuchyovqc@google.co.jp,Male,210-763-0363,United States,06/16/1994
950,Manfred,Chidley,mchidleyqd@blogtalkradio.com,Male,283-510-8140,Niger,12/20/1997
951,Erinn,Donohue,edonohueqe@dedecms.com,Female,743-692-3595,Sweden,03/30/1971
952,Rhody,Heeney,rheeneyqf@mashable.com,Female,428-891-8060,Poland,08/17/1981
953,Sidoney,Bert,sbertqg@sciencedaily.com,Non-binary,896-712-4133,Armenia,09/27/1974
954,Barrett,Stenyng,bstenyngqh@php.net,Male,965-924-5664,Guatemala,06/10/1990
955,Carl,Brighouse,cbrighouseqi@time.com,Genderfluid,723-861-5202,Palestinian Territory,11/13/1979
956,Russell,Skoate,rskoateqj@mozilla.com,Male,113-313-9834,Russia,08/09/1999
957,Chloe,Southern,csouthernqk@mozilla.org,Female,960-333-8005,China,06/05/1995
958,Evangeline,Nutt,enuttql@youtube.com,Female,404-557-7843,Comoros,01/12/1964
959,Laureen,Feedham,lfeedhamqm@who.int,Female,763-844-2250,Sweden,01/23/1976
960,Berty,Barrowclough,bbarrowcloughqn@hexun.com,Male,396-457-1806,Indonesia,10/18/1991
961,Tabbatha,Fawlkes,tfawlkesqo@about.me,Female,520-113-3704,Malaysia,03/30/1990
962,Reilly,Goligher,rgoligherqp@java.com,Male,429-806-5593,China,01/07/2003
963,Bryn,Timbridge,btimbridgeqq@cbc.ca,Male,351-394-9312,France,08/14/1967
964,Windy,Sacco,wsaccoqr@ca.gov,Female,103-958-4095,Russia,12/26/1995
965,Kermie,Sandle,ksandleqs@cam.ac.uk,Male,899-697-4109,China,05/26/1987
966,Fields,Thirwell,fthirwellqt@yahoo.co.jp,Male,686-672-0048,China,06/06/1970
967,Burr,De Lorenzo,bdelorenzoqu@acquirethisname.com,Male,156-560-6442,Nigeria,07/07/1991
968,Veronika,Yeldon,vyeldonqv@tripod.com,Female,622-643-4242,Russia,04/25/1962
969,Conn,Cracknall,ccracknallqw@ted.com,Male,893-741-4465,Belarus,04/28/1998
970,Betteann,Skrzynski,bskrzynskiqx@yellowpages.com,Female,980-281-8149,Indonesia,02/27/1983
971,Laird,Bassingham,lbassinghamqy@histats.com,Male,130-333-4735,Spain,07/06/1997
972,Marley,Runsey,mrunseyqz@tumblr.com,Female,808-737-5646,France,12/23/1962
973,Leonore,Rosbrough,lrosbroughr0@mapquest.com,Female,712-488-6931,Russia,12/23/1983
974,Maryellen,Djurisic,mdjurisicr1@skype.com,Female,174-999-1832,China,12/21/2004
975,Way,Begwell,wbegwellr2@cornell.edu,Polygender,218-658-0213,Kenya,08/30/1992
976,Meaghan,Haughian,mhaughianr3@nydailynews.com,Female,435-617-2391,Poland,06/07/1976
977,Torrey,Lambdean,tlambdeanr4@cyberchimps.com,Male,299-780-1388,Greece,05/29/2003
978,Nathan,Thornley,nthornleyr5@skype.com,Male,799-917-3640,Indonesia,03/24/1971
979,Archambault,Provest,aprovestr6@businessweek.com,Male,440-612-9099,Finland,03/08/2000
980,Morton,Frain,mfrainr7@thetimes.co.uk,Male,452-994-1417,Russia,03/28/1994
981,Concordia,Fyrth,cfyrthr8@comsenz.com,Female,440-841-4055,Indonesia,07/14/1991
982,Dex,Ebbutt,debbuttr9@posterous.com,Male,256-217-2625,Poland,06/08/1973
983,Olwen,Harradence,oharradencera@dyndns.org,Female,469-162-5353,China,03/01/1962
984,Delmor,Stanex,dstanexrb@apple.com,Male,725-553-1813,Greece,07/08/1987
985,Amabel,Latour,alatourrc@vk.com,Female,577-921-7146,Colombia,07/12/1964
986,Madelin,Grelka,mgrelkard@census.gov,Female,226-910-8612,Japan,12/23/1974
987,Ephrayim,Wotton,ewottonre@furl.net,Bigender,557-740-7009,Malaysia,08/10/1968
988,Lanni,Beswick,lbeswickrf@mozilla.com,Female,183-977-0853,China,03/22/1963
989,Fanny,Churchley,fchurchleyrg@mapy.cz,Female,559-523-1480,Syria,05/04/1980
990,Donall,Allder,dallderrh@tumblr.com,Male,618-613-7942,Brazil,12/24/1964
991,Gram,Tixall,gtixallri@wikipedia.org,Male,864-512-0829,Mauritius,04/06/1981
992,Lucho,Worswick,lworswickrj@blogs.com,Genderfluid,868-837-1279,Poland,04/23/1982
993,Corty,Bendle,cbendlerk@reuters.com,Male,736-658-5074,Croatia,08/23/1975
994,Andrew,Carcass,acarcassrl@forbes.com,Male,624-815-3569,China,02/16/1969
995,Gilbertine,Blakebrough,gblakebroughrm@de.vu,Female,756-640-8594,China,03/10/1961
996,Trevar,Megarry,tmegarryrn@yelp.com,Male,922-673-9457,France,03/05/1966
997,Gill,Kilborn,gkilbornro@cbsnews.com,Female,129-819-3347,Thailand,11/19/1984
998,Val,Mounsey,vmounseyrp@weebly.com,Female,611-296-2327,Bolivia,03/08/1969
999,Reinhard,Stanbro,rstanbrorq@bloglovin.com,Male,599-806-0567,Morocco,04/05/1989
1000,Alessandro,Mullany,amullanyrr@smh.com.au,Male,525-819-8496,Brazil,07/30/1981
